ppm	intensity
7.95027922443943	0.00084621606881
7.94970647901587	0.0008937164906
7.94913373359232	0.00126529972905
7.94856098816876	0.00139495845177
7.9479882427452	0.00171223002828
7.94741549732164	0.00188914114001
7.94684275189809	0.00215847876542
7.94627000647453	0.00216253536386
7.94569726105097	0.00259492072775
7.94512451562741	0.00217085297559
7.94455177020386	0.00200462076365
7.9439790247803	0.00155295441906
7.94340627935674	0.00178756692696
7.94283353393318	0.00173485406379
7.94226078850963	0.00154239884231
7.94168804308607	0.00123357291977
7.94111529766251	0.00176963005249
7.94054255223895	0.00143433696839
7.9399698068154	0.00102305845969
7.93939706139184	0.00138551506062
7.93882431596828	0.00127240504673
7.93825157054473	0.0013008640739
7.93767882512117	0.00120590890295
7.93710607969761	0.00141695425398
7.93653333427405	0.00153511424926
7.93596058885049	0.00175296258956
7.93538784342694	0.00209999211155
7.93481509800338	0.00216623756601
7.93424235257982	0.00183832645843
7.93366960715627	0.00167091459669
7.93309686173271	0.00209099946968
7.93252411630915	0.00306510157221
7.93195137088559	0.00353509712409
7.93137862546204	0.00400679378056
7.93080588003848	0.00480170239527
7.93023313461492	0.0044318048315
7.92966038919136	0.00384494928658
7.92908764376781	0.00372397102626
7.92851489834425	0.00308571286289
7.92794215292069	0.00316843308493
7.92736940749713	0.00316782127742
7.92679666207358	0.00320386598055
7.92622391665002	0.00393288242819
7.92565117122646	0.00385163172635
7.9250784258029	0.0046201495539
7.92450568037935	0.00480982397673
7.92393293495579	0.00540098645732
7.92336018953223	0.00578551880981
7.92278744410867	0.00686689130673
7.92221469868512	0.00734151999233
7.92164195326156	0.00680033925291
7.921069207838	0.00615954487249
7.92049646241445	0.00618615280167
7.91992371699089	0.00615116612361
7.91935097156733	0.00533682988452
7.91877822614377	0.00561418180482
7.91820548072021	0.005857727835
7.91763273529666	0.00598130252912
7.9170599898731	0.00685650710568
7.91648724444954	0.00750182087397
7.91591449902599	0.00779172221613
7.91534175360243	0.00714040993874
7.91476900817887	0.0065716099795
7.91419626275531	0.00627294133154
7.91362351733176	0.00509646477545
7.9130507719082	0.00448532141771
7.91247802648464	0.00534888653529
7.91190528106108	0.00635023521733
7.91133253563753	0.00736618389838
7.91075979021397	0.00761189116111
7.91018704479041	0.00837895153767
7.90961429936685	0.00875926271436
7.9090415539433	0.00886009455898
7.90846880851974	0.0094628155908
7.90789606309618	0.00974611645618
7.90732331767262	0.0103823652751
7.90675057224907	0.01124104244029
7.90617782682551	0.01035499214486
7.90560508140195	0.00977901119023
7.90503233597839	0.00925789717671
7.90445959055484	0.00853121418739
7.90388684513128	0.00786590176765
7.90331409970772	0.00827661807645
7.90274135428416	0.00958126633312
7.90216860886061	0.01056182686077
7.90159586343705	0.01088519964465
7.90102311801349	0.01091047593501
7.90045037258993	0.01131492516195
7.89987762716638	0.01150466712829
7.89930488174282	0.01144064866926
7.89873213631926	0.01127037338098
7.8981593908957	0.01087983686809
7.89758664547215	0.01131166622472
7.89701390004859	0.01189307459215
7.89644115462503	0.01257702872508
7.89586840920147	0.01473990795542
7.89529566377792	0.01705548907031
7.89472291835436	0.02103618204729
7.8941501729308	0.0230609658343
7.89357742750724	0.02473175863175
7.89300468208369	0.02598889625329
7.89243193666013	0.02352743972236
7.89185919123657	0.01981504817195
7.89128644581301	0.01750627382644
7.89071370038946	0.01617480829403
7.8901409549659	0.01513630518921
7.88956820954234	0.01466146908962
7.88899546411879	0.01471648924399
7.88842271869523	0.01544953465894
7.88784997327167	0.01706256270092
7.88727722784811	0.01864241762117
7.88670448242456	0.02130836763789
7.886131737001	0.02317534863799
7.88555899157744	0.02390499148716
7.88498624615388	0.02457554335788
7.88441350073033	0.02464669501291
7.88384075530677	0.02296074519343
7.88326800988321	0.02260394936594
7.88269526445965	0.02230918199051
7.8821225190361	0.02304577854356
7.88154977361254	0.02429434211842
7.88097702818898	0.02490145292164
7.88040428276542	0.02553700012489
7.87983153734187	0.02782263524898
7.87925879191831	0.03113496425237
7.87868604649475	0.03282688430855
7.87811330107119	0.03423639256169
7.87754055564764	0.03458466100721
7.87696781022408	0.03280009971408
7.87639506480052	0.03176594695409
7.87582231937696	0.03162280872429
7.87524957395341	0.03311297297507
7.87467682852985	0.0347791692451
7.87410408310629	0.03814647577932
7.87353133768274	0.04229843051679
7.87295859225918	0.04562550719975
7.87238584683562	0.04987020780846
7.87181310141206	0.05583348139577
7.87124035598851	0.06009502028057
7.87066761056495	0.06889874596357
7.87009486514139	0.08329149132093
7.86952211971783	0.10480476500483
7.86894937429428	0.1339084241901
7.86837662887072	0.17008114280989
7.86780388344716	0.21032277720409
7.8672311380236	0.25180802452724
7.86665839260005	0.28533710466021
7.86608564717649	0.31117083707088
7.86551290175293	0.35906301002751
7.86494015632937	0.38686046042455
7.86436741090582	0.4228455477355
7.86379466548226	0.47495835634403
7.8632219200587	0.51799620324363
7.86264917463514	0.51122183101126
7.86207642921159	0.47940303201061
7.86150368378803	0.41967330870996
7.86093093836447	0.36452479871803
7.86035819294091	0.3549784280791
7.85978544751736	0.40679735788045
7.8592127020938	0.52639873428372
7.85863995667024	0.72708922282041
7.85806721124668	1.07771285531722
7.85749446582313	1.73854701711456
7.85692172039957	2.59341718340638
7.85634897497601	3.28639564114267
7.85577622955245	4.09325883702424
7.8552034841289	4.27605606275789
7.85463073870534	3.0762325962147
7.85405799328178	2.02363875606309
7.85348524785822	1.38803514014363
7.85291250243467	0.9813912899539
7.85233975701111	0.81307538151392
7.85176701158755	0.78576576956535
7.851194266164	0.80552446814065
7.85062152074044	0.87443585485443
7.85004877531688	1.0481324255186
7.84947602989332	1.47171866133827
7.84890328446976	2.10592468698519
7.84833053904621	2.73610270370776
7.84775779362265	3.31949915200383
7.84718504819909	3.52011277141837
7.84661230277554	3.18358101261729
7.84603955735198	2.35613427178455
7.84546681192842	1.53367241059531
7.84489406650486	1.09295302298529
7.84432132108131	0.8993554200096
7.84374857565775	0.86503863612231
7.84317583023419	0.98244427480783
7.84260308481063	1.26279530473059
7.84203033938708	1.78025463221254
7.84145759396352	2.44593678000405
7.84088484853996	3.07423682818385
7.8403121031164	3.64520511745325
7.83973935769285	3.54406616680614
7.83916661226929	2.8137576166177
7.83859386684573	2.03199204254693
7.83802112142217	1.42385742995846
7.83744837599862	1.04976142393497
7.83687563057506	0.83685304626144
7.8363028851515	0.79616205391587
7.83573013972794	0.88842711990043
7.83515739430439	1.02794998791073
7.83458464888083	1.24186466666137
7.83401190345727	1.72001839339571
7.83343915803371	2.57811347600578
7.83286641261016	3.49325264185494
7.8322936671866	4.21413604620191
7.83172092176304	4.73844591707046
7.83114817633948	4.13428140532804
7.83057543091593	2.74405715320335
7.83000268549237	1.68632921513111
7.82942994006881	1.0631790681469
7.82885719464526	0.68871202180257
7.8282844492217	0.49172610537152
7.82771170379814	0.40746638164543
7.82713895837458	0.37182709118095
7.82656621295103	0.37598081633976
7.82599346752747	0.4243513132911
7.82542072210391	0.49663766013732
7.82484797668035	0.56196621626586
7.8242752312568	0.58153125817747
7.82370248583324	0.56315138116046
7.82312974040968	0.51982005907315
7.82255699498612	0.44457581453381
7.82198424956257	0.40069937907373
7.82141150413901	0.37665070919696
7.82083875871545	0.31919977933715
7.82026601329189	0.27270036768572
7.81969326786834	0.23055678985331
7.81912052244478	0.18528936869233
7.81854777702122	0.13727792414949
7.81797503159766	0.099321612778
7.81740228617411	0.07558874649014
7.81682954075055	0.06135169329037
7.81625679532699	0.05222327555077
7.81568404990343	0.04494216080297
7.81511130447988	0.03783195562165
7.81453855905632	0.03265035956192
7.81396581363276	0.03083810992505
7.8133930682092	0.02962901551537
7.81282032278565	0.02965116057224
7.81224757736209	0.02949731857042
7.81167483193853	0.02936586494194
7.81110208651497	0.02810309526939
7.81052934109142	0.02696422959054
7.80995659566786	0.02493403136096
7.8093838502443	0.02183829973575
7.80881110482074	0.01875924301284
7.80823835939719	0.01568057342994
7.80766561397363	0.01397683160698
7.80709286855007	0.01329266896847
7.80652012312651	0.01358001491755
7.80594737770296	0.0131006053638
7.8053746322794	0.01262015628004
7.80480188685584	0.01428653892597
7.80422914143228	0.01534737066251
7.80365639600873	0.01660874985858
7.80308365058517	0.01764579732247
7.80251090516161	0.01641633786557
7.80193815973806	0.0137982908838
7.8013654143145	0.01186549432868
7.80079266889094	0.01017925545678
7.80021992346738	0.0093662921691
7.79964717804382	0.00904820737217
7.79907443262027	0.00946050257237
7.79850168719671	0.00908787071024
7.79792894177315	0.00884706794262
7.7973561963496	0.00858481565183
7.79678345092604	0.00860881581868
7.79621070550248	0.00969015245077
7.79563796007892	0.01026078841374
7.79506521465537	0.01069483387012
7.79449246923181	0.01096987520753
7.79391972380825	0.00943150307203
7.79334697838469	0.00703085343053
7.79277423296114	0.00560812204932
7.79220148753758	0.00536719817614
7.79162874211402	0.00503247753462
7.79105599669046	0.00483868693328
7.79048325126691	0.00484231752705
7.78991050584335	0.00474165603823
7.78933776041979	0.00459541571436
7.78876501499623	0.00362552476062
7.78819226957268	0.00372666973499
7.78761952414912	0.00401319028162
7.78704677872556	0.00315229231206
7.786474033302	0.0030259348349
7.78590128787845	0.00262323364349
7.78532854245489	0.00258050270328
7.78475579703133	0.00228919643086
7.78418305160778	0.00300088818954
7.78361030618422	0.00390504606697
7.78303756076066	0.00407352601708
7.7824648153371	0.00358567392214
7.78189206991355	0.00302301543185
7.78131932448999	0.00293561266713
7.78074657906643	0.00252209987036
7.78017383364287	0.00215969051301
7.77960108821932	0.00217642909485
7.77902834279576	0.00158755305224
7.7784555973722	0.00055592773262
7.77788285194864	-0.00025661411463
7.77731010652509	0.00017447904939
7.77673736110153	0.00029353086061
7.77616461567797	0.00128112657096
7.77559187025441	0.00196220144839
7.77501912483086	0.00297126388023
7.7744463794073	0.00373089301577
7.77387363398374	0.00379459825173
7.77330088856018	0.00359689145474
7.77272814313663	0.00242738735207
7.77215539771307	0.00180575488326
7.77158265228951	0.00149510380519
7.77100990686595	0.00130889008226
7.7704371614424	0.00103109264438
7.76986441601884	0.00045673709241
7.76929167059528	0.0007733543842
7.76871892517172	0.0003291231184
7.76814617974817	0.00036594115601
7.76757343432461	-0.00030169402624
7.76700068890105	-0.00013755562366
7.76642794347749	0.00098073754373
7.76585519805394	0.00093086402536
7.76528245263038	0.00120311111626
7.76470970720682	0.00117305319955
7.76413696178326	0.00127275201051
7.76356421635971	0.00093932437975
7.76299147093615	0.00090232618178
7.76241872551259	0.0010584646029
7.76184598008903	0.00117363739547
7.76127323466548	0.00190267338283
7.76070048924192	0.00207723001842
7.76012774381836	0.00248859763491
7.75955499839481	0.00212188968809
7.75898225297125	0.00292820097256
7.75840950754769	0.00299618176726
7.75783676212413	0.00282813537642
7.75726401670058	0.00296006982028
7.75669127127702	0.00263832154607
7.75611852585346	0.00293198680009
7.7555457804299	0.00270080364607
7.75497303500634	0.00226578117828
7.75440028958279	0.00181635404905
7.75382754415923	0.00193010225503
7.75325479873567	0.00151895664769
7.75268205331212	0.00164953059598
7.75210930788856	0.00088325734787
7.751536562465	0.00087589291013
7.75096381704144	0.00207826588049
7.75039107161789	0.00182651019586
7.74981832619433	0.00231790782713
7.74924558077077	0.00263706568277
7.74867283534721	0.00269361075682
7.74810008992366	0.00244480839209
7.7475273445001	0.00217049581452
7.74695459907654	0.00170055870376
7.74638185365298	0.00123992676885
7.74580910822943	0.00116547332853
7.74523636280587	0.00125801103906
7.74466361738231	0.0013623975286
7.74409087195875	0.0003420182103
7.7435181265352	0.00004981439295
7.74294538111164	-0.00040024629101
7.74237263568808	-0.00033825855248
7.74179989026452	-0.00048910216237
7.74122714484097	-0.00014998179443
7.74065439941741	0.00066261275974
7.74008165399385	0.00070916896819
7.7395089085703	0.0009350245373
7.73893616314674	0.00121289919361
7.73836341772318	0.00102882598706
7.73779067229962	0.00121067011147
7.73721792687607	0.00153889713039
7.73664518145251	0.00053356095933
7.73607243602895	0.0004632897732
7.73549969060539	0.0010529767308
7.73492694518184	0.00057869640514
7.73435419975828	0.00029053626697
7.73378145433472	0.00043377620856
7.73320870891116	0.00042141881105
7.73263596348761	0.00094740999575
7.73206321806405	0.00122831356741
7.73149047264049	0.00143465658073
7.73091772721693	0.00090239567205
7.73034498179338	0.00101356025252
7.72977223636982	0.0005348793155
7.72919949094626	0.00011092992557
7.7286267455227	-0.00000913413029
7.72805400009915	-0.00013622108717
7.72748125467559	-0.00058658496385
7.72690850925203	-0.00096493518938
7.72633576382847	-0.00112262539632
7.72576301840492	-0.00042933532067
7.72519027298136	-0.00022820461702
7.7246175275578	-0.00026156628858
7.72404478213424	0.00028876303878
7.72347203671069	0.00014287217943
7.72289929128713	0.00065176861285
7.72232654586357	0.00066325980456
7.72175380044001	0.00008019349427
7.72118105501646	-0.00025416567172
7.7206083095929	0.00017473930985
7.72003556416934	-0.00008704615145
7.71946281874578	-0.00016341346158
7.71889007332223	-0.00014708122141
7.71831732789867	-0.00014854525872
7.71774458247511	-0.00026872794154
7.71717183705155	0.00027214222632
7.716599091628	-0.00014114945083
7.71602634620444	-0.00054421287079
7.71545360078088	-0.00013310985066
7.71488085535733	-0.00033604413668
7.71430810993377	0.00008410411725
7.71373536451021	-0.00008448979881
7.71316261908665	-0.00006477613222
7.71258987366309	-0.00015236511708
7.71201712823954	-0.00017781390609
7.71144438281598	0.00018058661305
7.71087163739242	0.00039625146565
7.71029889196887	0.00007851919342
7.70972614654531	0.00052333375955
7.70915340112175	0.00058004007063
7.70858065569819	0.00084312753294
7.70800791027464	0.0007534349334
7.70743516485108	0.00052799353237
7.70686241942752	-0.00029579572148
7.70628967400396	-0.00016090391883
7.70571692858041	0.00024720178612
7.70514418315685	0.00005024006162
7.70457143773329	0.0003360646562
7.70399869230973	0.0002133006451
7.70342594688618	0.00031371641922
7.70285320146262	0.00030478805655
7.70228045603906	0.0004932281932
7.7017077106155	0.00031013619987
7.70113496519195	0.00066528814724
7.70056221976839	0.00121982910364
7.69998947434483	0.00119927943893
7.69941672892127	0.00126246488534
7.69884398349772	0.00176295462122
7.69827123807416	0.00174360446447
7.6976984926506	0.00294702068288
7.69712574722704	0.0047282718681
7.69655300180349	0.00728427017978
7.69598025637993	0.01020016640502
7.69540751095637	0.01391592532554
7.69483476553282	0.01694321877511
7.69426202010926	0.01573417714603
7.6936892746857	0.01379743648825
7.69311652926214	0.01310676287046
7.69254378383859	0.01345379181567
7.69197103841503	0.01544291846447
7.69139829299147	0.01320204251374
7.69082554756791	0.00944401936398
7.69025280214436	0.00690383999083
7.6896800567208	0.00393056034758
7.68910731129724	0.00286051955324
7.68853456587368	0.00234332866167
7.68796182045013	0.00219544103825
7.68738907502657	0.0017785018737
7.68681632960301	0.00181228908357
7.68624358417945	0.00158849660004
7.6856708387559	0.00134665521822
7.68509809333234	0.00073081013595
7.68452534790878	0.00085557033284
7.68395260248522	0.00125571055878
7.68337985706167	0.0013878251256
7.68280711163811	0.00204352244405
7.68223436621455	0.00239751912956
7.68166162079099	0.00315977000309
7.68108887536744	0.00389238185405
7.68051612994388	0.00545653828368
7.67994338452032	0.00694651872671
7.67937063909676	0.01067478176861
7.67879789367321	0.01426344180765
7.67822514824965	0.01790840849598
7.67765240282609	0.02086597996448
7.67707965740253	0.021214105412
7.67650691197898	0.01976077518941
7.67593416655542	0.02084058612342
7.67536142113186	0.0237882255557
7.6747886757083	0.02599380469201
7.67421593028475	0.02445749714578
7.67364318486119	0.02020449006826
7.67307043943763	0.01543455798297
7.67249769401408	0.01297637907921
7.67192494859052	0.01287816816478
7.67135220316696	0.01310073616486
7.6707794577434	0.01324608446137
7.67020671231984	0.01002145957426
7.66963396689629	0.0069088534165
7.66906122147273	0.00484580607324
7.66848847604917	0.00351109617572
7.66791573062561	0.00349801157147
7.66734298520206	0.0036856264701
7.6667702397785	0.00380197261125
7.66619749435494	0.00381658278415
7.66562474893139	0.0042270827077
7.66505200350783	0.00467193111471
7.66447925808427	0.00487583321614
7.66390651266071	0.00468828992536
7.66333376723716	0.00445610293932
7.6627610218136	0.00458802473082
7.66218827639004	0.00449585397644
7.66161553096648	0.00442943150532
7.66104278554293	0.00461464937694
7.66047004011937	0.00418029872779
7.65989729469581	0.00511875312303
7.65932454927225	0.00764374538998
7.6587518038487	0.01066677941632
7.65817905842514	0.01575851019661
7.65760631300158	0.02184246896099
7.65703356757802	0.02534453882191
7.65646082215447	0.02946982448041
7.65588807673091	0.03085215354306
7.65531533130735	0.03020916871179
7.65474258588379	0.02895022897999
7.65416984046024	0.02682080077105
7.65359709503668	0.02367267690583
7.65302434961312	0.01719146806151
7.65245160418956	0.01166197263537
7.65187885876601	0.00838687170323
7.65130611334245	0.00629006259874
7.65073336791889	0.00649247199641
7.65016062249533	0.0081506852472
7.64958787707178	0.01051478085119
7.64901513164822	0.01152775173749
7.64844238622466	0.01188014390559
7.64786964080111	0.01320509005076
7.64729689537755	0.01382472939948
7.64672414995399	0.01500567875268
7.64615140453043	0.01513771532695
7.64557865910688	0.01612939865373
7.64500591368332	0.01601865895687
7.64443316825976	0.01718280392488
7.6438604228362	0.01660410394333
7.64328767741265	0.01476792362033
7.64271493198909	0.01110959359043
7.64214218656553	0.00843376237597
7.64156944114197	0.00592914098967
7.64099669571842	0.00466746621607
7.64042395029486	0.00522785327705
7.6398512048713	0.00574810280562
7.63927845944774	0.00673540688836
7.63870571402419	0.00879574892895
7.63813296860063	0.00969881422674
7.63756022317707	0.01058468049276
7.63698747775351	0.01184531673707
7.63641473232996	0.01196435597183
7.6358419869064	0.01163667782424
7.63526924148284	0.01134659572613
7.63469649605928	0.01301943297171
7.63412375063573	0.01415700873355
7.63355100521217	0.01576822322091
7.63297825978861	0.01898514893135
7.63240551436505	0.02063135635223
7.6318327689415	0.02128292671592
7.63126002351794	0.0205175047609
7.63068727809438	0.01801405303655
7.63011453267082	0.01484188736149
7.62954178724727	0.01222495073191
7.62896904182371	0.00928315573463
7.62839629640015	0.00620264151518
7.62782355097659	0.00433518885347
7.62725080555304	0.00363879005589
7.62667806012948	0.00397000441625
7.62610531470592	0.00398186543304
7.62553256928236	0.00380845672111
7.62495982385881	0.00322645492452
7.62438707843525	0.00291264112433
7.62381433301169	0.00321976327789
7.62324158758814	0.00276337155926
7.62266884216458	0.00224437953528
7.62209609674102	0.0021283303559
7.62152335131746	0.00243323191498
7.62095060589391	0.00224363060408
7.62037786047035	0.00235440719864
7.61980511504679	0.00198907797467
7.61923236962323	0.00238577641492
7.61865962419968	0.00242999032556
7.61808687877612	0.00238160495461
7.61751413335256	0.00200276258014
7.616941387929	0.00193544089433
7.61636864250545	0.00167447126638
7.61579589708189	0.00141073120522
7.61522315165833	0.00101156346095
7.61465040623477	0.00138565783032
7.61407766081122	0.00116621579454
7.61350491538766	0.00144113201226
7.6129321699641	0.00151583037651
7.61235942454054	0.00087236748134
7.61178667911699	0.00134119879421
7.61121393369343	0.00132410497134
7.61064118826987	0.00159243291353
7.61006844284631	0.00150526764856
7.60949569742276	0.00196336249796
7.6089229519992	0.00211966777038
7.60835020657564	0.00187508761299
7.60777746115208	0.00169034407592
7.60720471572853	0.00216383506197
7.60663197030497	0.00192210490949
7.60605922488141	0.00167605037512
7.60548647945785	0.00156482821177
7.6049137340343	0.0014663312368
7.60434098861074	0.00144190087162
7.60376824318718	0.00141144944331
7.60319549776363	0.00175702001923
7.60262275234007	0.00197122833281
7.60205000691651	0.00205807935002
7.60147726149295	0.00184177554521
7.6009045160694	0.00113479258889
7.60033177064584	0.00142648931608
7.59975902522228	0.00137764314219
7.59918627979872	0.00198384554082
7.59861353437517	0.0022838576933
7.59804078895161	0.00145146757039
7.59746804352805	0.00090956157687
7.59689529810449	0.00125734134834
7.59632255268094	0.00097682330221
7.59574980725738	0.00178026061069
7.59517706183382	0.00214474063359
7.59460431641026	0.00250351582215
7.59403157098671	0.0026414813106
7.59345882556315	0.00187525859306
7.59288608013959	0.00143884240273
7.59231333471603	0.00092778582362
7.59174058929248	0.0012829222242
7.59116784386892	0.00142102206946
7.59059509844536	0.00134370479516
7.5900223530218	0.00102730584693
7.58944960759825	0.0007423259038
7.58887686217469	0.00047950074981
7.58830411675113	0.00045997733642
7.58773137132757	0.00104483019518
7.58715862590402	0.00121357106122
7.58658588048046	0.00106990965848
7.5860131350569	0.00133221812373
7.58544038963335	0.0012268762925
7.58486764420979	0.00117911341999
7.58429489878623	0.00099658325683
7.58372215336267	0.0006667415374
7.58314940793911	0.00087159564537
7.58257666251556	0.00138661298085
7.582003917092	0.00216300271658
7.58143117166844	0.00195457381377
7.58085842624488	0.0021764861273
7.58028568082133	0.00220735504537
7.57971293539777	0.00277096226091
7.57914018997421	0.00348112735617
7.57856744455066	0.00282399653466
7.5779946991271	0.00243778681228
7.57742195370354	0.00202546679257
7.57684920827998	0.00191967041662
7.57627646285642	0.00158487491723
7.57570371743287	0.00120230748513
7.57513097200931	0.00107507183223
7.57455822658575	0.00118760705834
7.5739854811622	0.00117562517601
7.57341273573864	0.00105697247846
7.57283999031508	0.00145448987763
7.57226724489152	0.00184676822194
7.57169449946797	0.00104732903724
7.57112175404441	0.00087237310139
7.57054900862085	0.00162105893345
7.56997626319729	0.00191294962546
7.56940351777374	0.00189639758182
7.56883077235018	0.00263743506151
7.56825802692662	0.00237719705156
7.56768528150306	0.00203457742264
7.56711253607951	0.00212889509066
7.56653979065595	0.00194815750732
7.56596704523239	0.00321727379989
7.56539429980883	0.00406683788451
7.56482155438528	0.0046673053732
7.56424880896172	0.00551868707825
7.56367606353816	0.00602315001365
7.5631033181146	0.0054982453585
7.56253057269105	0.00476807011858
7.56195782726749	0.00378344484161
7.56138508184393	0.00331311296447
7.56081233642037	0.00309679906314
7.56023959099682	0.0027766941358
7.55966684557326	0.00354520499236
7.5590941001497	0.00368587255135
7.55852135472615	0.00460252884871
7.55794860930259	0.00513167606185
7.55737586387903	0.00543784363586
7.55680311845547	0.00638290709376
7.55623037303192	0.00707446034934
7.55565762760836	0.00684858314829
7.5550848821848	0.00742986008616
7.55451213676124	0.00691423025606
7.55393939133769	0.00645156664259
7.55336664591413	0.00657741869297
7.55279390049057	0.00626807645065
7.55222115506701	0.00583601823772
7.55164840964346	0.00562297051035
7.5510756642199	0.00613897601802
7.55050291879634	0.00728521515548
7.54993017337278	0.00740700349125
7.54935742794923	0.00718386014007
7.54878468252567	0.00754261195369
7.54821193710211	0.00746753864028
7.54763919167855	0.00639925297173
7.547066446255	0.00583215318428
7.54649370083144	0.00531743377372
7.54592095540788	0.00528008102227
7.54534820998432	0.00640477588893
7.54477546456077	0.00766499339599
7.54420271913721	0.00807715246048
7.54362997371365	0.00890604777179
7.54305722829009	0.00865976356498
7.54248448286654	0.00861696513648
7.54191173744298	0.00917391638326
7.54133899201942	0.00981463992214
7.54076624659586	0.01008543568407
7.54019350117231	0.01070442004832
7.53962075574875	0.01097952442371
7.53904801032519	0.00979940993875
7.53847526490163	0.0099232240487
7.53790251947808	0.00927853348529
7.53732977405452	0.00859015333916
7.53675702863096	0.00880581998133
7.53618428320741	0.00996980008827
7.53561153778385	0.01131995209363
7.53503879236029	0.01195176094575
7.53446604693673	0.01165162810572
7.53389330151318	0.01146662508847
7.53332055608962	0.01220253766591
7.53274781066606	0.01160404139199
7.5321750652425	0.01135705505907
7.53160231981895	0.01168295254275
7.53102957439539	0.01211022821041
7.53045682897183	0.01213875317045
7.52988408354827	0.01277636547762
7.52931133812472	0.01464109293758
7.52873859270116	0.01746534544535
7.5281658472776	0.02136584281717
7.52759310185404	0.02463391506496
7.52702035643049	0.02757763316402
7.52644761100693	0.0299029993071
7.52587486558337	0.0269690708949
7.52530212015981	0.02192421653638
7.52472937473626	0.01882221326788
7.5241566293127	0.01692861076856
7.52358388388914	0.01546826159575
7.52301113846558	0.01500182277701
7.52243839304203	0.01490734437658
7.52186564761847	0.01578777688484
7.52129290219491	0.0174654943946
7.52072015677135	0.01950730826002
7.5201474113478	0.02242680957649
7.51957466592424	0.0251393806311
7.51900192050068	0.02693690261593
7.51842917507712	0.02683436229151
7.51785642965357	0.02595338147309
7.51728368423001	0.02439750826909
7.51671093880645	0.02320986988729
7.51613819338289	0.0238230023654
7.51556544795934	0.02515421827765
7.51499270253578	0.02665660605216
7.51441995711222	0.02731776785065
7.51384721168866	0.02764514969873
7.51327446626511	0.02981457086163
7.51270172084155	0.03414483887134
7.51212897541799	0.03629905666626
7.51155622999444	0.03878722800508
7.51098348457088	0.03945801748934
7.51041073914732	0.03813427017073
7.50983799372376	0.03680443183441
7.50926524830021	0.03694206138544
7.50869250287665	0.03899666510552
7.50811975745309	0.04134603737946
7.50754701202953	0.04790030128165
7.50697426660598	0.05440924732834
7.50640152118242	0.05834274826007
7.50582877575886	0.06203310457784
7.5052560303353	0.06356429844842
7.50468328491175	0.06503538495282
7.50411053948819	0.07202951402429
7.50353779406463	0.08296905338367
7.50296504864107	0.09785594941442
7.50239230321752	0.11884178075185
7.50181955779396	0.14207786788869
7.5012468123704	0.1718541435018
7.50067406694684	0.23403345330275
7.50010132152329	0.31386534475197
7.49952857609973	0.40327411303822
7.49895583067617	0.50564716196505
7.49838308525261	0.57995598495498
7.49781033982906	0.62090931744441
7.4972375944055	0.61150887690086
7.49666484898194	0.59801712234184
7.49609210355838	0.56872761203022
7.49551935813483	0.52321338861232
7.49494661271127	0.44962191569346
7.49437386728771	0.39569417181782
7.49380112186416	0.37623954273932
7.4932283764406	0.404957706723
7.49265563101704	0.49059804693963
7.49208288559348	0.65539595609077
7.49151014016993	0.96567415485721
7.49093739474637	1.62809330775049
7.49036464932281	2.67744650569972
7.48979190389925	3.56658441708232
7.48921915847569	4.65653775135604
7.48864641305214	5.31692122870776
7.48807366762858	3.96931141807477
7.48750092220502	2.58367090822321
7.48692817678147	1.50576770407928
7.48635543135791	0.90929202089783
7.48578268593435	0.69327519341433
7.48520994051079	0.64835223681179
7.48463719508724	0.67561888860855
7.48406444966368	0.78536785373053
7.48349170424012	1.06185016182766
7.48291895881656	1.52589524484995
7.48234621339301	2.19198646673705
7.48177346796945	3.05402082291802
7.48120072254589	3.66586892191239
7.48062797712233	3.73370216206262
7.48005523169878	3.45286953559824
7.47948248627522	2.56994850963661
7.47890974085166	1.56566281297421
7.4783369954281	1.01478312475027
7.47776425000455	0.76684132951569
7.47719150458099	0.68463685248049
7.47661875915743	0.72110800962911
7.47604601373387	0.89407911966215
7.47547326831032	1.2909580483055
7.47490052288676	1.91815927465438
7.4743277774632	2.63686150236502
7.47375503203964	3.44447947329547
7.47318228661609	3.87277664831769
7.47260954119253	3.57297813066135
7.47203679576897	2.68826172482557
7.47146405034541	1.70278686166332
7.47089130492186	1.02915604499865
7.4703185594983	0.74021178763548
7.46974581407474	0.64939679563287
7.46917306865118	0.63242212117652
7.46860032322763	0.67545128339199
7.46802757780407	0.81710736708718
7.46745483238051	1.14451391849194
7.46688208695696	1.81595092879252
7.4663093415334	2.8056649421501
7.46573659610984	3.59729168368445
7.46516385068628	4.28036251794933
7.46459110526273	4.49251186043889
7.46401835983917	2.83544642651729
7.46344561441561	1.5046872900982
7.46287286899205	0.90054169289817
7.4623001235685	0.56604130141052
7.46172737814494	0.39136033128302
7.46115463272138	0.32406978912442
7.46058188729782	0.31035249563455
7.46000914187427	0.3149450776217
7.45943639645071	0.33832064226728
7.45886365102715	0.3741194287953
7.45829090560359	0.42245475782971
7.45771816018004	0.45517327323313
7.45714541475648	0.46431149705531
7.45657266933292	0.44238393045929
7.45599992390936	0.41689720073133
7.45542717848581	0.39806044988665
7.45485443306225	0.34725884575099
7.45428168763869	0.28814018231632
7.45370894221513	0.21700373636872
7.45313619679158	0.16249699862235
7.45256345136802	0.13103852965026
7.45199070594446	0.105469932553
7.4514179605209	0.08867921442861
7.45084521509735	0.07545885166457
7.45027246967379	0.06142053247383
7.44969972425023	0.04952721367999
7.44912697882668	0.04213465248578
7.44855423340312	0.03788145085852
7.44798148797956	0.03508063669325
7.447408742556	0.03524969977414
7.44683599713244	0.03323943144281
7.44626325170889	0.02947244552893
7.44569050628533	0.02850551968349
7.44511776086177	0.02802248932346
7.44454501543822	0.027342763489
7.44397227001466	0.02652942106045
7.4433995245911	0.02560299549595
7.44282677916754	0.02302423469957
7.44225403374399	0.01969030899965
7.44168128832043	0.01727523239868
7.44110854289687	0.01489552414354
7.44053579747331	0.01280288691221
7.43996305204976	0.01233671763773
7.4393903066262	0.01177087878029
7.43881756120264	0.01065042158744
7.43824481577908	0.011621863502
7.43767207035553	0.01382721902477
7.43709932493197	0.0154659484105
7.43652657950841	0.01661651647696
7.43595383408485	0.01615859371741
7.4353810886613	0.01416508733467
7.43480834323774	0.0114260293804
7.43423559781418	0.00869929303094
7.43366285239062	0.00787945474085
7.43309010696707	0.0079284914338
7.43251736154351	0.00838838422247
7.43194461611995	0.00880449883923
7.43137187069639	0.00909312456246
7.43079912527284	0.00753942629728
7.43022637984928	0.00732391518774
7.42965363442572	0.00812562315619
7.42908088900216	0.00890022171561
7.42850814357861	0.00929340418001
7.42793539815505	0.0092300675588
7.42736265273149	0.00889610945226
7.42678990730793	0.00637955887692
7.42621716188438	0.00407433344815
7.42564441646082	0.00399120996013
7.42507167103726	0.00413615752095
7.4244989256137	0.00493879186531
7.42392618019015	0.00458922863561
7.42335343476659	0.00357005590345
7.42278068934303	0.0031149725502
7.42220794391948	0.0029776043347
7.42163519849592	0.00287207477922
7.42106245307236	0.00282040655053
7.4204897076488	0.00272814206822
7.41991696222525	0.00246653517847
7.41934421680169	0.0026234790315
7.41877147137813	0.00181618846467
7.41819872595457	0.00216399929877
7.41762598053102	0.00304741920827
7.41705323510746	0.00391319367332
7.4164804896839	0.00359225692301
7.41590774426034	0.00303053764954
7.41533499883679	0.00285438506456
7.41476225341323	0.00272516672296
7.41418950798967	0.00240962336568
7.41361676256611	0.00264934074075
7.41304401714256	0.00273982631601
7.412471271719	0.00163482028378
7.41189852629544	0.00044991336452
7.41132578087188	-0.00014071963024
7.41075303544833	-0.00054903299614
7.41018029002477	-0.00059388739423
7.40960754460121	0.00015709667337
7.40903479917765	0.00140422770483
7.4084620537541	0.00187589223706
7.40788930833054	0.00271930609977
7.40731656290698	0.00420738806549
7.40674381748343	0.00414013560544
7.40617107205987	0.00246513229725
7.40559832663631	0.00146513518144
7.40502558121275	0.00089528999128
7.40445283578919	0.0007033950817
7.40388009036564	0.00078048786164
7.40330734494208	-0.00000523624693
7.40273459951852	-0.00007665266944
7.40216185409496	0.00077063981583
7.40158910867141	0.00070111498617
7.40101636324785	0.00061744686582
7.40044361782429	0.00071057102764
