z,n,hl
0,1,-4.710708973555071
0,4,-29.254588771356257
1,2,1.0908987919673687
1,4,-29.563891292986227
1,5,-29.029947121555733
1,6,-27.793857932824764
2,3,-28.651190429256033
2,4,-7.592094549992404
2,5,-28.015706682441117
2,6,-8.422894845452591
2,8,-28.316736678105098
3,2,-28.92952053482484
3,5,-7.57457902567525
3,6,-8.247655263760013
3,8,-9.556798553913055
4,2,-27.803403250730998
4,3,-0.8362179942411047
4,4,-23.585470618559167
4,6,6.179265031432132
4,7,-6.360188173035875
4,8,-9.167176889305436
4,9,-28.06744284277638
4,10,-9.86031734998073
4,11,-28.603043416948378
4,12,-28.742705410377383
5,2,-28.743247939469715
5,3,-7.612315881762886
5,4,-25.572009183208408
5,7,-9.193455237488743
5,8,-9.26000804422145
5,9,-9.401896593927312
5,10,-9.501857358439986
5,11,-27.839615423385435
5,12,-9.792942894651448
5,14,-10.03342375548695
5,15,-28.538585427721443
5,16,-28.617766673769108
6,2,-27.953558775692276
6,3,-8.39671608142353
6,4,-6.213474379291483
6,5,-4.4117922681864234
6,8,3.7561629398114533
6,9,-7.109817821810654
6,10,-7.625486005119969
6,11,-8.213249297927595
6,12,-8.535018779589812
6,13,-8.833225615917415
6,14,-9.28661900253141
6,16,-9.7134767719246
7,3,-29.237555432057476
7,4,-28.75869351576152
7,5,-9.457413921777142
7,6,-4.722178053515218
7,9,-6.645717077083503
7,10,-6.8783582222236594
7,11,-7.703622017252944
7,12,-8.065837316060962
7,13,-8.37040733821756
7,14,-8.574527320873486
7,15,-9.137078770917775
7,16,-9.349587494279987
7,17,-14.782803263300568
8,3,-28.953558775692276
8,4,-27.69694791981671
8,5,-9.565319319086662
8,6,-5.64996499857236
8,7,-5.411593265703753
8,11,-6.06937734255358
8,12,-6.368151257913337
8,13,-6.964780500879233
8,14,-7.146624088824005
8,15,-8.512034872669123
8,16,-8.685893250292512
8,18,-18.845594093160024
9,5,-28.798656815706508
9,6,-28.659159358927294
9,7,-27.441675414713405
9,8,-5.689314229998026
9,9,-3.6801716923454544
9,11,-6.4546589860566455
9,12,-6.879922121939917
9,13,-6.8724662395603255
9,14,-7.150501743887207
9,15,-7.907741999908869
9,16,-8.595716619943424
9,17,-9.584992754551651
9,18,-9.799836602599349
9,19,-26.836048775253794
9,20,-10.10086659826333
9,22,-14.08383325896455
10,5,-28.610467435027584
10,6,-27.742705410377386
10,7,-8.460583968566649
10,8,-7.275570333832371
10,9,-6.2627734598177325
10,13,-5.927680329851056
10,14,-5.19173865627407
10,15,-7.7192101156775434
10,16,-8.204340380773775
10,17,-9.000496053145767
10,18,-9.197776611271387
10,19,-9.322715347879686
10,20,-9.635483746814913
10,21,-9.967327689893112
10,22,-9.954738562585092
10,23,-14.243534101832061
10,24,-14.720655356551724
11,7,-28.14064541904942
11,8,-27.441675414713405
11,9,-7.84762554449068
11,10,-6.146817151499736
11,11,0.41556199349185063
11,13,-2.766499714695828
11,14,-5.727219126054113
11,15,-7.468903609901871
11,16,-8.020240111341524
11,17,-9.014506767588582
11,18,-8.854368017467529
11,19,-8.81756536955978
11,20,-9.259507127808476
11,21,-9.378232675729517
11,22,-9.595716619943424
11,23,-9.758443917441124
11,24,-10.322715347879686
11,25,-14.243534101832061
11,26,-14.720655356551724
12,7,-18.89652027472191
12,8,-8.542638176460004
12,9,-8.41244677626062
12,10,-6.9104788657104175
12,11,-6.445551406982528
12,15,-4.744856046872317
12,16,-2.6220462372514315
12,17,-7.384863254628531
12,18,-7.973761799898523
12,19,-8.12589460396526
12,20,-8.5643081556918
12,21,-8.542158027730165
12,22,-9.197776611271387
12,23,-9.445728163451948
12,24,-9.907741999908868
12,25,-9.595716619943424
12,27,-14.243534101832061
12,28,-14.268357685557094
13,8,-14.954738562585092
13,9,-8.53928822996237
13,10,-7.849471748223226
13,11,-7.1864176575647765
13,12,-6.642500740502069
13,13,5.855807239806762
13,15,-5.369439011212382
13,16,-4.903751517176064
13,17,-6.940098036402202
13,18,-7.689920739575556
13,19,-8.98029266705748
13,20,-8.87867055196161
13,21,-8.748298212084022
13,22,-8.915607832966746
13,23,-8.544564097496043
13,24,-9.469422829250158
13,25,-9.544564097496043
13,26,-9.617993014654576
13,27,-14.08383325896455
13,29,-14.268357685557094
13,30,-14.268357685557094
14,8,-9.036408609036412
14,9,-8.872466239560326
14,10,-8.35267857125713
14,11,-8.156383926113161
14,12,-7.147532230575932
14,13,-6.880758510223275
14,17,-3.523761009640444
14,18,2.196187736548196
14,19,-6.712765396692814
14,20,-7.05632683787092
14,21,-7.606712004244888
14,22,-7.845594093160025
14,23,-8.544564097496043
14,24,-8.699466057481786
14,25,-8.822112997310501
14,26,-8.98029266705748
14,27,-9.197776611271387
14,28,-9.401896593927312
14,29,-14.720655356551724
14,30,-13.94250410616808
15,10,-15.021685352215705
15,11,-8.858325169964946
15,12,-8.08383325896455
15,13,-8.066960561236643
15,14,-6.881596512377934
15,15,-5.323062922513608
15,17,-1.4079297637901582
15,18,-1.1583149007871198
15,19,-6.404335478293723
15,20,-5.823945466197556
15,21,-6.750618579929168
15,22,-7.135194627043224
15,23,-7.692626632951481
15,24,-8.051648575593148
15,25,-8.322715347879686
15,26,-8.494485233152725
15,27,-8.813064868333104
15,28,-8.936513742478894
15,29,-9.231634878532354
15,30,-14.197776611271387
16,10,-14.601179515644926
16,11,-9.308474908765076
16,12,-8.401896593927312
16,13,-8.224648757671687
16,14,-7.4276613164842855
16,15,-7.091687752888944
16,19,-0.6209305287447136
16,21,-5.017363978433063
16,22,-3.4894407085891235
16,23,-6.438108766581756
16,24,-6.5543239347852
16,25,-7.1999535305256614
16,26,-7.491912898987468
16,27,-8.07556073299856
16,28,-8.498806606935368
16,29,-8.666297694229131
16,30,-8.799836602599349
16,32,-14.197776611271387
17,12,-15.197776611271387
17,13,-15.021685352215705
17,14,-8.220053005982539
17,15,-8.024590342859113
17,16,-7.098959894222445
17,17,-7.31508134888979
17,19,5.479287215812319
17,21,-4.149762320333332
17,22,-3.9709190409826634
17,23,-5.590321588056718
17,24,-5.914475382567837
17,25,-6.666297694229132
17,26,-7.0032622693889195
17,27,-7.750618579929167
17,28,-7.882856555278967
17,29,-8.133318622044468
17,30,-8.494485233152725
17,31,-14.197776611271387
17,32,-14.268357685557094
18,12,-18.498806606935368
18,13,-9.340444114840118
18,14,-8.507580531242873
18,15,-8.260760503806573
18,16,-7.572567085889506
18,17,-7.249461470582039
18,19,-1.0180883489990804
18,21,2.428422878167751
18,23,-3.6808051788020597
18,24,1.5174839820889363
18,25,-4.990681070852169
18,26,-4.646204637597133
18,27,-6.16677232990785
18,28,-6.574527320873487
18,29,-7.40890149549597
18,30,-7.8221129973105015
18,31,-8.268357685557094
18,32,-8.473500741670598
18,34,-13.706414917437113
18,35,-13.706414917437113
19,14,-15.10086659826333
19,15,-15.10086659826333
19,16,-8.248386604626473
19,17,-7.96605222794287
19,18,-7.4106705182348165
19,19,-4.836937154587765
19,21,9.096502669485368
19,23,-2.8506613564299825
19,24,-2.59419924311992
19,25,-4.375673942624466
19,26,-4.469991437088481
19,27,-5.4776173078654296
19,28,-6.255768558249073
19,29,-6.666297694229132
19,30,-7.398436061817805
19,31,-7.82486460830128
19,32,-7.936513742478893
19,33,-8.457413921777142
19,34,-9.021685352215705
19,35,-9.498806606935368
19,36,-13.94250410616808
19,37,-13.706414917437113
20,14,-14.954738562585092
20,15,-9.088873483604074
20,16,-8.493626094431587
20,17,-8.24088815662131
20,18,-7.851658454064589
20,19,-7.564156684034657
20,21,4.9976744685362755
20,25,-0.3511456146419824
20,27,-1.9056198185716244
20,28,19.27904168509179
20,29,-4.780238491870059
20,30,-6.3700843225969415
20,31,-6.498806606935368
20,32,-6.836048775253794
20,33,-7.83510568154572
20,34,-8.469422829250158
20,35,-9.156383926113161
20,36,-9.457413921777142
20,37,-13.706414917437113
20,38,-13.706414917437113
21,18,-14.021685352215705
21,19,-8.238019938280392
21,20,-7.723341797589629
21,21,-7.665793439084329
21,22,-3.3524428753643383
21,23,-3.343713599404966
21,25,-0.6391006740358072
21,26,-2.037351781920219
21,27,-2.3023209142467405
21,28,-3.9634112055297543
21,29,-5.488082741543595
21,30,-6.405384921773133
21,31,-6.584992754551651
21,32,-7.08383325896455
21,33,-7.7778208627816285
21,34,-8.47761730786543
21,35,-9.08383325896455
21,36,-9.38486325462853
21,37,-9.419625360887743
22,16,-14.419625360887743
22,17,-9.043961746926858
22,18,-8.779475319951642
22,19,-8.585522705174949
22,20,-8.17938821788764
22,21,-7.7920888245986095
22,22,1.7718755650202174
22,23,-3.4539533896676367
22,29,-4.960232873128512
22,30,-5.490206435173451
22,31,-5.984258854275082
22,32,-7.176587312201448
22,33,-7.384863254628531
22,34,-8.197776611271387
22,35,-8.507580531242873
22,36,-8.735378613372431
22,37,-9.043961746926858
22,38,-9.156383926113161
22,39,-9.322715347879686
22,40,-13.706414917437113
22,41,-13.94250410616808
22,42,-13.706414917437113
23,19,-14.758443917441124
23,20,-8.599533419617764
23,21,-8.45348362814871
23,22,-7.760819280601937
23,23,-7.8729798936496564
23,24,-4.2074377564837855
23,25,-1.3588927783652474
23,26,-0.04377892457858725
23,27,17.42353395807577
23,29,-5.147435529437303
23,30,-5.532289430488576
23,31,-5.80157726417565
23,32,-6.683228858611101
23,33,-8.164352855784436
23,34,-7.9936566286154624
23,35,-8.21777323968764
23,36,-8.512034872669123
23,37,-8.41244677626062
23,38,-8.814859476183855
23,39,-8.972467329545523
23,40,-9.268357685557094
23,41,-9.322715347879686
23,42,-13.94250410616808
23,43,-13.94250410616808
23,44,-13.706414917437113
24,18,-9.374954965968282
24,19,-9.172470746006617
24,20,-8.867362837922196
24,21,-8.714189314302493
24,22,-8.08383325896455
24,23,-7.799836602599349
24,24,-2.6088553496533797
24,25,-4.094314989176682
24,26,18.1142314364458
24,27,-1.1197503859150704
24,31,-5.176959724242479
24,32,-4.94686891157053
24,33,-6.174524151637676
24,34,-6.653708566921111
24,35,-7.629574887204392
24,36,-7.808610526906854
24,37,-8.129590749525224
24,38,-8.184939386566215
24,39,-8.38821689663612
24,40,-8.86533815135578
24,41,-9.06744284277638
24,42,-9.118595365223761
24,44,-13.94250410616808
24,45,-13.706414917437113
24,46,-13.706414917437113
25,19,-14.47761730786543
25,21,-8.940098036402203
25,22,-8.498806606935368
25,23,-8.29987473700316
25,24,-7.916743244023659
25,25,-8.046728693445521
25,26,-4.056013380995599
25,27,-1.8148033721978019
25,28,6.568489808205957
25,29,-0.06785996573007601
25,31,-3.5310696040030765
25,32,-5.5673487362463625
25,33,-7.021685352215705
25,34,-6.836993921398107
25,35,-8.051648575593148
25,36,-7.648160371752302
25,37,-8.535018779589812
25,38,-8.059473913105105
25,39,-8.544564097496043
25,40,-8.535018779589812
25,41,-8.685893250292512
25,42,-8.82670874899965
25,43,-9.051648575593148
25,44,-9.294686624279443
25,45,-9.199953530525661
25,46,-13.694667174600017
25,47,-13.706414917437113
26,19,-10.222344802762123
26,20,-9.38486325462853
26,21,-9.160350113330763
26,22,-8.85535393044918
26,23,-8.687902326266668
26,24,-8.316963018990595
26,25,-8.014506767588582
26,26,-3.024736103720324
26,27,-4.790725796467137
26,29,0.4386721911736762
26,33,-0.9140304587084302
26,34,6.418589375458708
26,35,-4.943954172563314
26,36,-5.666297694229132
26,37,-6.713476771924601
26,38,-7.197776611271387
26,39,-7.590321588056718
26,40,-7.855353930449181
26,41,-7.720655356551724
26,42,-8.224648757671687
26,43,-8.457413921777142
26,44,-8.685893250292512
26,45,-9.051648575593148
26,46,-14.322715347879686
26,47,-9.38821689663612
26,48,-9.584992754551651
26,49,-13.706414917437113
27,23,-8.90997488134116
27,24,-8.661218168699858
27,25,-8.481773267636587
27,26,-8.118595365223761
27,27,-8.21261968999433
27,28,-2.6987221900742857
27,29,-0.6744730905830698
27,30,-0.12813929338987387
27,31,-0.7118917164593163
27,33,0.7222010349007594
27,34,-3.725283450523562
27,35,-5.533134635715261
27,36,-6.06105604411498
27,37,-8.021685352215705
27,38,-7.43434861770845
27,39,-8.197776611271387
27,40,-7.870417676885056
27,41,-8.197776611271387
27,42,-8.142780749742245
27,43,-8.449588584265186
27,44,-8.595716619943424
27,45,-8.721379784546057
27,46,-8.889212197710147
27,47,-9.00326226938892
27,48,-9.021685352215705
27,49,-9.162346873086838
27,50,-9.38486325462853
28,20,-10.176587312201448
28,21,-9.623745343543668
28,22,-9.231634878532354
28,23,-9.122229649878856
28,24,-8.888146443845487
28,25,-8.756867529206168
28,26,-8.441140503025538
28,27,-8.187688764272862
28,28,-1.7787465821861248
28,29,-2.3910541081952057
28,31,4.881101676419753
28,35,2.0054685966427424
28,37,-3.541534626942425
28,38,-2.2053114634633433
28,39,-6.176587312201449
28,40,-6.036408609036412
28,41,-6.441901755598895
28,42,-6.720655356551724
28,43,-7.090566641623519
28,44,-7.302906954526134
28,45,-7.574527320873487
28,46,-7.793199443530763
28,47,-7.962248164363838
28,48,-8.122229649878856
28,49,-8.297682709727988
28,50,-8.457413921777142
28,51,-8.86533815135578
28,52,-9.118595365223761
29,24,-14.38486325462853
29,25,-14.623745343543668
29,26,-8.896746615607405
29,27,-8.530323658381432
29,28,-8.205886307335362
29,29,-6.993114099523168
29,30,-5.587648998195392
29,31,-4.34590701054162
29,32,-3.41888768711371
29,33,-4.735228882468722
29,35,-2.838666190142471
29,37,-5.011385395575894
29,38,-2.1513048596692053
29,39,-6.008848127510533
29,40,-5.265810496543214
29,41,-5.850446595954437
29,42,-6.211004877005142
29,43,-6.677293078530595
29,44,-6.875557316537468
29,45,-7.286619002531411
29,46,-7.411025189125826
29,47,-7.69194857741655
29,48,-7.8268935944937805
29,49,-7.973761799898523
29,50,-8.1167895643605
29,51,-8.443428275560368
29,52,-8.634295525876976
29,53,-8.98029266705748
30,24,-10.297409482614917
30,25,-9.197776611271387
30,26,-9.021685352215705
30,27,-8.896746615607405
30,28,-8.560787509459157
30,29,-8.24692515238284
30,30,-5.344078399495213
30,31,-5.548928902898493
30,32,-2.9790468460513733
30,33,-4.1355331702449085
30,35,-0.1750276486722994
30,39,-3.9693762525683822
30,40,18.580071680755772
30,41,-5.331489272187192
30,42,-2.275051153278127
30,43,-6.109640522570835
30,44,-5.518348714659268
30,45,-6.490206435173451
30,46,-6.742931751262876
30,47,-7.180743271972607
30,48,-7.331489272187192
30,49,-7.626067779462699
30,50,-7.749147574840468
30,51,-7.9936566286154624
30,52,-8.278698518895313
30,53,-8.430620745189206
30,54,-13.697402896918012
30,55,-13.694667174600017
31,28,-14.86533815135578
31,29,-8.653708566921111
31,30,-8.276090135787785
31,31,-8.433895839742904
31,32,-5.988261596728756
31,33,-5.301195283765654
31,34,-4.538811768606952
31,35,-2.965237893740788
31,36,-2.0488488508350273
31,37,-3.8900025427543
31,39,-4.395550373580317
31,41,-2.793284993512701
31,42,-3.255867836905787
31,43,-4.811099327310549
31,44,-5.398436061817805
31,45,-5.985589006867429
31,46,-6.378232675729518
31,47,-6.7920888245986095
31,48,-7.044266621970549
31,49,-7.220053005982539
31,50,-7.413516028705303
31,51,-7.720655356551724
31,52,-8.010114908618428
31,53,-8.569387681221075
31,54,-8.535018779589812
31,55,-8.86533815135578
31,56,-13.696717349053635
32,27,-9.374954965968282
32,28,-14.457413921777142
32,29,-8.85535393044918
32,30,-8.38821689663612
32,31,-8.322715347879686
32,32,-5.694667174600018
32,33,-6.008848127510533
32,34,-3.58839566702068
32,35,-4.44419355237848
32,36,-0.12943576745914645
32,37,-2.3508830679547614
32,39,-1.504246634061193
32,43,-3.802729934486983
32,45,-2.892859753598781
32,46,-3.7761726844015557
32,47,-6.220510398844094
32,48,-6.028984590957205
32,49,-6.6179930146545765
32,50,-6.896746615607405
32,51,-7.231634878532354
32,52,-7.519258232231273
32,53,-7.7972386218794405
32,54,-8.144698167787967
32,55,-8.35267857125713
32,56,-14.021685352215705
32,57,-14.021685352215705
33,30,-14.86533815135578
33,31,-9.243534101832061
33,32,-8.391596637287499
33,33,-8.517577119515368
33,34,-5.870417676885056
33,35,-5.318107405639333
33,36,-4.538811768606952
33,37,-3.999669612397985
33,38,-2.1275909248930067
33,39,-2.527530758197263
33,40,-0.6575773191777937
33,41,-1.3126054366511732
33,43,-2.523540275464458
33,44,-2.3537843265680243
33,45,-3.7630480694916293
33,46,-4.765930565572662
33,47,-6.316963018990595
33,48,-5.9763623734290485
33,49,-6.217773239687641
33,50,-6.371701808570561
33,51,-6.875557316537468
33,52,-7.193240293420064
33,53,-7.523374798426105
33,54,-7.8139612452909555
33,55,-8.197776611271387
33,56,-14.021685352215705
34,30,-14.243534101832061
34,31,-8.98029266705748
34,32,-8.875557316537467
34,33,-8.36526769856515
34,34,-5.948578253880274
34,35,-6.06105604411498
34,36,-4.106813534675655
34,37,-5.044877014877639
34,38,-1.638013578394593
34,39,-3.088198064367
34,41,-0.4839085557082847
34,45,5.514835836799248
34,47,-4.4546589860566455
34,48,19.98255931717853
34,49,-4.372350493503563
34,50,-5.2074377564837855
34,51,-5.981610708985394
34,52,-6.343470569470306
34,53,-6.758443917441125
34,54,-7.314115176117769
34,55,-7.865338151355782
34,56,-8.20877199557285
34,57,-8.06744284277638
34,60,-14.322715347879686
34,61,-13.90552053991491
35,34,-15.118595365223761
35,35,-8.600630123437691
35,36,-6.168392833586177
35,37,-5.60338406089596
35,38,-5.1891764395094695
35,39,-4.315821639931786
35,40,-3.7352288824687228
35,41,-2.73298909162545
35,42,-2.1863245893242715
35,43,-4.911095641916456
35,45,-4.47317309587467
35,47,-2.394950910537526
35,48,-3.567023391549508
35,49,-4.218774862796666
35,50,-5.258257358652768
35,51,-5.757655008083583
35,52,-5.753107380332862
35,53,-6.2855545547389715
35,54,-6.859619046999614
35,55,-7.217773239687641
35,56,-7.764006777346521
35,57,-8.001876958862153
35,58,-8.49020643517345
35,59,-8.653708566921111
35,60,-14.322715347879686
35,61,-14.322715347879686
36,33,-9.051648575593148
36,34,-8.896746615607405
36,35,-8.498806606935368
36,36,-6.265810496543214
36,37,-6.062643959894612
36,38,-4.659957516198113
36,39,-5.0578975248701505
36,40,-2.7722423907731235
36,41,-3.8678704878711767
36,43,-2.3979400086720375
36,45,5.36012356647885
36,49,1.0312519265172373
36,51,-3.8381308185968437
36,52,-3.4914856540126236
36,53,-5.222344802762124
36,54,-5.989335254832819
36,55,-6.56582578501217
36,56,-7.233988783925832
36,57,-7.389565638347165
36,58,-8.172470746006617
36,59,-8.441901755598895
36,60,-8.595716619943424
36,61,-8.699466057481786
36,62,-8.86533815135578
36,63,-9.38486325462853
36,64,-9.653708566921111
36,65,-13.696032881643392
37,36,-14.590321588056717
37,37,-8.687392480667246
37,38,-6.220053005982539
37,39,-5.936513742478893
37,40,-5.143163556714499
37,41,-4.473664657310175
37,42,-4.3608198742118365
37,43,-5.975060140123803
37,44,-3.2823978844448365
37,45,-5.621147362823759
37,46,-0.6267855986317619
37,47,-1.0461542877394003
37,49,-1.2918003608178565
37,50,10.696644472872293
37,51,-4.470894615663745
37,52,-4.5353965912551395
37,53,-5.300149519980946
37,54,-5.73388362228548
37,55,-6.847528592937224
37,56,-6.732393759822968
37,57,-7.067121262249357
37,58,-7.921659622107843
37,59,-8.191310569022155
37,60,-8.270662999337626
37,61,-8.438108766581756
37,62,-8.766412847112399
37,63,-8.782803263300568
37,64,-8.993656628615462
37,65,-8.930604882868373
37,66,-9.137078770917775
38,35,-9.10086659826333
38,36,-9.06744284277638
38,37,-8.554323934785199
38,38,-6.601729603725948
38,39,-6.5445640974960435
38,40,-5.294686624279443
38,41,-5.368472838440362
38,42,-3.6941220920284277
38,43,-4.372350493503563
38,44,-1.1583149007871198
38,45,-2.4318250751358708
38,47,-0.750389580995981
38,51,-0.8584600308911323
38,52,1.46133617580962
38,53,-2.957976792824288
38,54,-3.5256972343451363
38,55,-4.849666542791149
38,56,-5.622011630734668
38,57,-6.120408705987231
38,58,-7.469422829250158
38,59,-7.866349314750644
38,60,-7.683893425660294
38,61,-8.06905432693296
38,62,-8.197776611271387
38,63,-8.426924599629242
38,64,-8.659957516198112
38,65,-8.77453073733458
38,66,-8.77453073733458
38,67,-8.907741999908868
38,68,-9.197776611271387
38,69,-13.902209511308907
39,37,-14.197776611271387
39,38,-8.742931751262876
39,39,-8.77453073733458
39,40,-6.32854489154041
39,41,-6.020240111341525
39,42,-5.651233947793256
39,43,-6.579728514559294
39,44,-4.870622098861955
39,45,-4.124058260925264
39,46,-3.514369312139292
39,47,-2.774006622645048
39,48,-2.0405012148173514
39,49,-0.534429747198172
39,51,-2.1359849720873756
39,52,-0.7950627663457565
39,53,-3.393500844142293
39,54,-2.934756328167341
39,55,-4.448813750015225
39,56,-4.707818131846552
39,57,-6.771265349906812
39,58,-6.924775339207649
39,59,-7.760026048450999
39,60,-7.32737270599236
39,61,-7.6342955258769765
39,62,-7.845594093160025
39,63,-7.942504106168081
39,64,-8.137078770917775
39,65,-8.204340380773775
39,66,-8.469422829250158
39,67,-8.601179515644926
39,68,-8.973761799898522
39,69,-9.021685352215705
39,70,-9.10086659826333
40,38,-14.268357685557094
40,39,-8.750618579929167
40,40,-6.836048775253794
40,41,-6.758443917441125
40,42,-5.9936566286154624
40,43,-5.875557316537468
40,44,-4.309035650588494
40,45,-4.825232810512317
40,46,-2.7250201619541743
40,47,-3.7171948244422177
40,48,-0.641126813818736
40,49,-2.048132652311843
40,53,6.207113960170812
40,55,-0.7558957975003574
40,56,19.301318079802943
40,57,-2.718515223597989
40,58,-6.011668231458182
40,59,-7.176587312201448
40,60,-6.647548258216292
40,61,-7.137078770917775
40,62,-7.036408609036412
40,63,-7.384863254628531
40,64,-7.419625360887744
40,65,-7.6792626713934995
40,66,-8.243534101832061
40,67,-8.334453751150932
40,68,-8.610065646252476
40,69,-8.750618579929167
40,70,-8.924775339207649
40,71,-9.118595365223761
40,72,-9.021685352215705
41,40,-14.197776611271387
41,41,-8.799836602599349
41,42,-6.907741999908869
41,43,-6.507580531242873
41,44,-6.187052745879614
41,45,-5.5543239347852
41,46,-5.152453632484729
41,47,-4.55928735431675
41,48,-3.635008068254868
41,49,-2.7781512503836434
41,50,2.8327969968451985
41,51,7.540617558929836
41,53,4.307784122052175
41,54,-1.0183365101908863
41,55,-2.57421722126595
41,56,-3.8627200918322955
41,57,-7.042440573806325
41,58,-6.3227153478796865
41,59,-7.35267857125713
41,60,-6.647548258216292
41,61,-6.865338151355782
41,62,-7.3227153478796865
41,63,-6.808610526906854
41,64,-7.034913617949461
41,65,-7.490206435173451
41,66,-8.021685352215705
41,67,-8.202141416673836
41,68,-8.465382851448418
41,69,-8.584992754551651
41,70,-8.766412847112399
41,71,-8.98029266705748
41,72,-8.993656628615462
41,73,-9.268357685557094
41,74,-9.137078770917775
42,39,-13.845594093160024
42,41,-9.720655356551724
42,42,-7.137078770917775
42,43,-6.993656628615462
42,44,-6.217773239687641
42,45,-6.349587494279988
42,46,-4.817565369559781
42,47,-5.396372901254032
42,48,-3.197429314586023
42,49,-4.5306039387925185
42,51,3.6023480754669244
42,57,-2.1234605554580246
42,58,18.84600610210562
42,59,-4.556005140617428
42,60,-4.667576913068305
42,61,-5.669502834104343
42,62,-5.720655356551724
42,63,-5.938899981899255
42,64,-6.557792363229798
42,65,-6.954738562585092
42,66,-7.461380108994744
42,67,-7.713476771924601
42,68,-8.027514895876429
42,69,-8.22929366271745
42,70,-8.419625360887743
42,71,-8.595716619943424
42,72,-8.735378613372431
42,73,-8.840795210278255
42,74,-8.993656628615462
42,75,-9.156383926113161
42,76,-9.220053005982539
43,42,-14.498806606935368
43,43,-8.758443917441124
43,44,-7.156383926113162
43,45,-6.692626632951481
43,46,-6.3915966372875
43,47,-5.806841504168007
43,48,-5.22372570847851
43,49,-5.092266426501412
43,50,-3.503171412337818
43,51,-3.253787736197615
43,52,-2.6414741105040997
43,53,-1.9308490954433026
43,54,6.62457017997463
43,55,6.623537374536863
43,56,5.324776317446618
43,57,-6.304292265052901
43,58,-4.567755760157977
43,59,-6.776172684401556
43,60,-5.764807320396981
43,61,-4.458204266821295
43,62,-4.837561997976034
43,63,-5.947356608962493
43,64,-6.172470746006616
43,65,-6.785316063841425
43,66,-7.539765214614274
43,67,-7.5445640974960435
43,68,-8.036408609036412
43,69,-8.065837316060962
43,70,-8.316963018990595
43,71,-8.498806606935368
43,72,-8.606712004244887
43,73,-8.742931751262876
43,74,-8.850446595954436
43,75,-9.021685352215705
43,76,-9.156383926113161
43,77,-9.176587312201448
43,78,-9.156383926113161
44,41,-13.845594093160024
44,42,-13.857332496431269
44,44,-7.419625360887744
44,45,-7.3227153478796865
44,46,-6.430620745189207
44,47,-6.595716619943424
44,48,-5.158362492095249
44,49,-5.722832275805999
44,50,-4.006325596806492
44,51,-3.726866542733019
44,53,-2.1105064289321844
44,59,-0.9684863991265402
44,61,-3.295218961142714
44,62,0.008016520979405055
44,63,-5.146624088824005
44,64,-5.062643959894612
44,65,-5.962248164363838
44,66,-6.418180120013562
44,67,-7.172470746006616
44,68,-7.255768558249073
44,69,-7.595716619943424
44,70,-7.7664128471124
44,71,-7.996379486950936
44,72,-8.189176439509469
44,73,-8.319829659642199
44,74,-8.503171412337817
44,75,-8.656821802345254
44,76,-8.845594093160024
44,77,-9.036408609036412
44,78,-9.10086659826333
44,79,-9.220053005982539
44,80,-9.322715347879686
45,44,-14.419625360887743
45,45,-9.036408609036412
45,46,-7.331489272187192
45,47,-6.830420690245368
45,48,-6.412446776260619
45,49,-5.650001905883564
45,50,-5.019951639406705
45,51,-4.725020161954174
45,52,-4.233516981074538
45,53,-4.780138871619157
45,54,-1.355466988424625
45,55,-2.6307502451123264
45,56,0.5188020240168496
45,57,-0.24569356236261386
45,59,-5.8724662395603255
45,60,-2.3942252721366253
45,61,-6.02067317883485
45,62,-4.384195622703195
45,63,-6.273497325209505
45,64,-5.591395246160782
45,65,-6.973761799898523
45,66,-6.457413921777143
45,67,-6.942504106168081
45,68,-7.051648575593148
45,69,-7.231634878532354
45,70,-7.503171412337818
45,71,-7.666297694229131
45,72,-7.855353930449181
45,73,-8.0739249703043
45,74,-8.265810496543214
45,75,-8.378232675729517
45,76,-8.319829659642199
45,77,-14.021685352215705
45,78,-8.875557316537467
45,79,-9.021685352215705
45,80,-9.07556073299856
45,81,-9.220053005982539
45,82,-9.197776611271387
46,46,-7.498806606935368
46,47,-7.498806606935368
46,48,-6.5445640974960435
46,49,-6.799836602599349
46,50,-5.412446776260619
46,51,-5.229293662717452
46,52,-4.472682090189918
46,53,-4.390241583202534
46,54,-2.002386239420362
46,55,-3.014620695837374
46,57,-1.3320739245690936
46,61,6.8132014407818176
46,63,-2.8092846494355865
46,65,-4.3514394991415815
46,66,-2.619458370686379
46,67,-5.530323658381433
46,68,-5.336839990571293
46,69,-6.10086659826333
46,70,-6.426924599629243
46,71,-6.865338151355782
46,72,-7.220053005982539
46,73,-7.535018779589812
46,74,-7.806841504168007
46,75,-8.043961746926858
46,76,-8.255768558249073
46,77,-8.465382851448418
46,78,-8.919023010318558
46,79,-8.742931751262876
46,80,-8.812170337673075
46,81,-8.919023010318558
46,82,-8.954738562585092
46,83,-9.007444913101095
47,46,-14.140871759934914
47,47,-9.08383325896455
47,48,-7.255768558249073
47,49,-6.855353930449181
47,50,-6.092266426501413
47,51,-5.8221129973105015
47,52,-5.405384921773133
47,53,-5.417459299131235
47,54,-4.675332377765067
47,55,-4.610065646252475
47,56,-3.9030899869919438
47,57,-3.8805492620949664
47,58,-0.9464479815817726
47,59,-4.341168542834451
47,61,-5.343713599404966
47,63,-6.108578244466238
47,64,-1.6901365917081819
47,65,-3.4469597686216322
47,66,-3.212529820468525
47,67,-6.836048775253794
47,68,-4.419625360887743
47,69,-5.137078770917775
47,70,-5.636675227622331
47,71,-6.923618762007707
47,72,-7.176587312201448
47,73,-7.40890149549597
47,74,-7.606712004244888
47,75,-7.775350934900183
47,76,-8.024590342859113
47,77,-8.21777323968764
47,78,-8.297409482614917
47,79,-8.782803263300568
47,80,-8.461380108994744
47,81,-8.735378613372431
47,82,-8.836048775253794
47,83,-8.875557316537467
47,84,-8.954738562585092
47,85,-9.051648575593148
48,46,-13.617993014654576
48,47,-8.993656628615462
48,48,-7.485969382230196
48,49,-7.051648575593148
48,50,-6.530323658381433
48,51,-6.294686624279443
48,52,-5.807725114812399
48,53,-5.587116448181507
48,54,-4.980292667057481
48,55,-4.857332496431268
48,56,-3.959479543395993
48,57,-3.976362373429048
48,59,-3.1295907495252253
48,61,0.10225509779007201
48,65,15.905544132887414
48,67,-2.2144751517475623
48,68,19.51880202401685
48,69,-3.546304759072344
48,70,-4.019087371495797
48,71,-5.290903076549316
48,72,-5.792942894651449
48,73,-6.368472838440362
48,74,-6.779475319951641
48,75,-7.176587312201448
48,76,-7.401896593927312
48,77,-7.666297694229131
48,78,-7.786999377894177
48,79,-7.930604882868373
48,80,-8.051648575593148
48,81,-8.311285886098904
48,82,-8.289291592392738
48,83,-8.666297694229131
48,84,-8.574527320873486
48,85,-8.742931751262876
48,86,-8.685893250292512
49,48,-8.94250410616808
49,49,-9.021685352215705
49,50,-7.007444913101096
49,51,-6.746758159115929
49,52,-6.319829659642198
49,53,-6.131450685909349
49,54,-5.685893250292512
49,55,-5.465382851448418
49,56,-5.015647397218388
49,57,-4.9282636670534705
49,58,-4.210110346345112
49,59,-3.957227362988787
49,60,-3.323515185803147
49,61,-3.2505390034007204
49,62,-2.1144064499560447
49,63,-4.548052425341864
49,65,-5.642077716552485
49,66,14.644726673606801
49,67,-6.349587494279988
49,68,-4.085171609736812
49,69,-6.799836602599349
49,70,-5.3404441148401185
49,71,-7.010255890434924
49,72,-6.135194627043224
49,73,-7.3227153478796865
49,74,-6.708521442902127
49,75,-7.004652012916925
49,76,-7.1258946039652615
49,77,-7.314115176117769
49,78,-7.461380108994744
49,79,-7.574527320873487
49,80,-7.712765396692814
49,81,-8.036408609036412
49,82,-8.051648575593148
49,83,-8.197776611271387
49,84,-8.281322662721461
49,85,-8.35267857125713
49,86,-8.494485233152725
49,87,-8.569387681221075
49,88,-8.685893250292512
50,49,-13.617993014654576
50,50,-7.426924599629243
50,51,-7.268357685557094
50,52,-6.919023010318558
50,53,-6.653708566921111
50,54,-6.180743271972607
50,55,-5.984258854275082
50,56,-5.438108766581756
50,57,-5.258257358652768
50,58,-4.707818131846552
50,59,-4.462976781682539
50,60,-3.324037613969
50,61,-4.172880651163902
50,63,-0.5012552743930565
50,71,-2.510658060469355
50,73,-0.45103035079740944
50,75,-1.578215830553644
50,76,5.362015920156555
50,77,-3.6202848114341615
50,78,-3.9492883856939436
50,79,-5.372350493503563
50,80,-5.150112416669827
50,81,-5.750618579929167
50,82,-5.900016100172253
50,83,-7.334453751150931
50,84,-7.4776173078654296
50,85,-7.786999377894177
50,86,-7.960987511862094
50,87,-8.220053005982539
50,88,-8.35267857125713
50,89,-8.38486325462853
51,52,-14.808610526906854
51,53,-7.855353930449181
51,54,-7.412446776260619
51,55,-7.720655356551724
51,56,-6.896746615607405
51,57,-6.629574887204392
51,58,-6.263278160027819
51,59,-6.1258946039652615
51,60,-5.623745343543668
51,61,-5.770452824914139
51,62,-4.896529522635175
51,63,-5.177829929592544
51,64,-4.2141503241468525
51,65,-4.521998269597302
51,66,-3.4953460748258616
51,67,-5.164352855784437
51,68,-2.360554447794763
51,69,-4.5195314593443445
51,71,-2.1271176489121992
51,73,-0.7826963731986502
51,74,0.44097051864824693
51,75,-1.47062590686079
51,76,-1.976832134947974
51,77,-2.9858555269628773
51,78,-3.3024203747949605
51,79,-4.124058260925264
51,80,-4.358361418587493
51,81,-5.275051153278127
51,82,-5.3514394991415815
51,83,-7.606712004244888
51,84,-7.273755910797319
51,85,-7.533604905909456
51,86,-7.845594093160025
51,87,-7.957227362988787
51,88,-8.530323658381432
51,89,-8.260760503806573
51,91,-8.77453073733458
52,52,-15.243534101832061
52,53,-13.706414917437113
52,54,-11.653708566921111
52,55,-10.007444913101095
52,56,-7.176587312201448
52,57,-6.855353930449181
52,58,-6.229293662717452
52,59,-6.213249297927594
52,60,-5.419625360887744
52,61,-5.490206435173451
52,62,-4.538811768606952
52,63,-4.957227362988787
52,64,-3.546304759072344
52,65,-3.9282636670534705
52,66,-1.784141614072831
52,67,-2.73702906942719
52,69,-1.279670751578412
52,71,16.964075911484517
52,75,-2.971692495295563
52,76,24.886778809311444
52,77,-3.8780461169411624
52,78,20.897915175429404
52,79,-4.3227153478796865
52,80,-2.0566003570442746
52,81,-4.623745343543668
52,82,-4.099479074776689
52,83,-6.220053005982539
52,84,-6.252554294636046
52,85,-7.1026072598396315
52,86,-7.35267857125713
52,87,-7.294686624279443
52,88,-7.957227362988787
52,91,-13.888146443845487
53,55,-8.94250410616808
53,56,-11.531258630716506
53,57,-7.67663852756735
53,58,-7.10086659826333
53,59,-6.975060140123803
53,60,-6.6792626713934995
53,61,-7.176587312201448
53,62,-5.606712004244888
53,63,-7.034913617949461
53,64,-5.374302382101086
53,65,-4.583934789395317
53,66,-4.439621989303997
53,67,-3.808965197797863
53,68,-3.6161682452393293
53,69,-5.1607487315156115
53,70,-2.821157686607883
53,71,-1.941532374462269
53,72,-0.7884552430062711
53,73,-1.4506943395760807
53,75,-4.322889100425274
53,76,7.196187736548196
53,77,-2.850485635415284
53,78,-1.6578369999759457
53,79,-3.581721416294801
53,80,-2.6238148362203346
53,81,-4.000496053145768
53,82,-3.1242782125541253
53,83,-5.577640556297629
53,84,-6.109640522570835
53,85,-6.702232273724938
53,86,-7.140871759934914
53,87,-7.5643081556918
53,88,-7.865338151355782
53,89,-8.152453632484729
53,90,-8.38486325462853
53,91,-14.021685352215705
53,92,-13.889212197710147
53,93,-8.525678753335669
54,54,-11.766412847112399
54,55,-9.38486325462853
54,56,-8.530323658381432
54,57,-7.629574887204392
54,58,-7.067442842776381
54,59,-7.06105604411498
54,60,-6.498806606935368
54,61,-6.243534101832062
54,62,-5.727954595293224
54,63,-5.713476771924601
54,64,-5.140871759934914
54,65,-4.957227362988787
54,66,-4.118595365223762
54,67,-4.117510983931542
54,68,-2.639308048747592
54,69,-3.624440771205319
54,70,14.204408066794887
54,71,-2.714617401554407
54,73,-1.0018362422054417
54,79,-1.8423404172020368
54,80,22.7637160777019
54,81,-2.9815579104342493
54,82,21.335745984828346
54,83,-5.138819432494077
54,84,-4.570205947090844
54,85,-5.900234943453227
54,86,-6.365267698565151
54,87,-7.260760503806573
54,88,-7.40890149549597
54,89,-7.790385706800655
54,90,-7.438108766581756
54,91,-8.224648757671687
54,92,-8.334453751150932
54,93,-8.498806606935368
54,94,-13.896746615607405
55,57,-10.808610526906854
55,58,-12.25083334057356
55,59,-7.742931751262876
55,60,-7.35267857125713
55,61,-7.653708566921111
55,62,-6.574527320873487
55,63,-6.35267857125713
55,64,-5.865338151355782
55,65,-5.711346132416953
55,66,-5.308474908765077
55,67,-6.172880651163902
55,68,-4.951278030475586
55,69,-6.008848127510533
55,70,-4.051338475985612
55,71,-5.505811508504026
55,72,-3.1466240888240056
55,73,-5.1595539729026685
55,74,-2.436540588149955
55,75,-4.2551237995781745
55,76,-1.5760139085504836
55,77,-1.7507178585858814
55,79,0.3152502005141472
55,80,6.362015920156555
55,81,-1.4480155678948885
55,82,1.4785659160585667
55,83,-4.2087719955728495
55,84,-4.753575622407228
55,85,-5.694667174600018
55,86,-6.103655015430825
55,87,-7.272464519771737
55,88,-7.245711021086336
55,89,-7.501420222538055
55,90,-7.730168505687754
55,91,-7.9909507352395375
55,92,-8.137078770917775
55,93,-8.334453751150932
55,94,-8.445728163451948
55,95,-8.574527320873486
55,96,-8.659957516198112
55,97,-8.799836602599349
56,58,-7.865338151355782
56,59,-7.845594093160025
56,60,-7.384863254628531
56,61,-7.255768558249073
56,62,-6.758443917441125
56,63,-6.7664128471124
56,64,-6.118595365223762
56,65,-6.0260501576181555
56,66,-5.430620745189207
56,67,-5.289291592392737
56,68,-4.6792626713934995
56,69,-5.202141416673837
56,70,-3.7206553565517244
56,71,-4.616851635595768
56,72,-2.1766865908581625
56,73,-3.59419924311992
56,75,-1.501595024102863
56,76,21.477409338858624
56,77,1.023581707175567
56,83,-3.801943691169403
56,84,-1.4567486187099017
56,85,-4.458916809199186
56,86,-4.6953494912869544
56,87,-6.337438604700393
56,88,-6.438108766581756
56,89,-6.864329336774636
56,90,-7.154414333250258
56,91,-7.54746908813945
56,92,-7.712055184789807
56,93,-7.962248164363838
56,94,-8.085506842854116
56,95,-8.276090135787785
56,96,-8.355791806681273
56,97,-8.43434861770845
56,98,-8.77453073733458
57,60,-9.127738744663631
57,63,-7.051648575593148
57,64,-6.774530737334579
57,65,-6.5643081556918
57,66,-6.268357685557094
57,67,-6.176587312201449
57,68,-5.6872316010647745
57,69,-5.7664128471124
57,70,-5.013085180453788
57,71,-5.006325596806492
57,72,-4.656197367324806
57,73,-4.781136103933106
57,74,-3.94980334490958
57,75,-3.2612628687924934
57,76,-3.350105260052517
57,77,-4.911095641916456
57,78,-2.6524694948055627
57,79,-4.726338203882087
57,80,4.778439334522606
57,81,11.013125308844135
57,83,-2.3373508201946884
57,84,-3.3492180391476234
57,85,-3.761136979578726
57,86,-4.568367012168668
57,87,-5.888146443845488
57,88,-6.104354926109152
57,89,-6.713476771924601
57,90,-6.890280573358174
57,91,-7.398436061817805
57,92,-7.4776173078654296
57,93,-7.727954595293224
57,94,-7.838890406865517
57,95,-8.024590342859113
57,96,-8.109640522570835
57,97,-8.291980730903518
57,98,-8.494485233152725
57,99,-8.574527320873486
58,63,-7.4574139217771425
58,65,-6.919023010318558
58,66,-6.720655356551724
58,67,-6.5120348726691235
58,68,-5.791236430837432
58,69,-5.9673276898931125
58,70,-5.126262806176298
58,71,-5.176587312201448
58,72,-4.3608198742118365
58,73,-4.707818131846552
58,74,-3.3971969897022567
58,75,-3.7338836222854797
58,76,-2.0626057818380708
58,77,-2.694530839806274
58,79,-2.988261596728756
58,80,16.64374076062515
58,81,-0.423579754580463
58,83,-1.050262536369064
58,84,16.69925808847498
58,85,-2.423477212224769
58,86,-0.10758517173296112
58,87,-5.242088860957881
58,88,-4.5906434068798205
58,89,-5.747527502952026
58,90,-5.7444582712243495
58,91,-6.774530737334579
58,92,-6.896746615607405
58,93,-7.253293939121218
58,94,-7.35267857125713
58,95,-7.561790499470554
58,96,-7.640269409365729
58,97,-8.00326226938892
58,98,-8.13145068590935
58,99,-8.243534101832061
58,100,-8.503171412337817
59,62,-9.498806606935368
59,65,-7.419625360887744
59,66,-6.980292667057481
59,67,-7.001876958862153
59,68,-6.875557316537468
59,69,-7.045488266888331
59,70,-6.021685352215705
59,71,-5.896746615607405
59,72,-5.541678409258555
59,73,-5.5165353738958
59,74,-4.907741999908869
59,75,-4.490206435173451
59,76,-4.3404441148401185
59,77,-4.60338406089596
59,78,-3.8352941365202122
59,79,-5.55928735431675
59,80,-3.2980655167002424
59,81,-5.190455658348642
59,83,-2.6610162182279993
59,84,-1.4297130167967376
59,85,-4.4831116184088495
59,86,-3.1655125213116757
59,87,-4.338818556553381
59,88,-4.593550558186917
59,89,-5.3608198742118365
59,90,-5.366546917404324
59,91,-6.70711595791525
59,92,-6.222344802762124
59,93,-6.946138390823175
59,94,-6.866349314750644
59,95,-7.137078770917775
59,96,-7.331489272187192
59,97,-7.851423636820749
59,98,-8.028984590957204
59,99,-8.241128032066184
59,100,-8.38486325462853
59,101,-8.268357685557094
60,65,-7.685893250292512
60,67,-7.243534101832062
60,68,-6.799836602599349
60,69,-6.672731804234542
60,70,-6.384863254628531
60,71,-6.09397289031543
60,72,-5.5256787533356695
60,73,-5.653708566921111
60,74,-4.791236430837432
60,75,-4.627233671389489
60,76,-4.016075906855425
60,77,-4.135194627043224
60,78,-3.2400735697225556
60,79,-4.247898907234512
60,80,-2.034662963585136
60,81,-3.546304759072344
60,84,15.36012356647885
60,87,-1.5216905243424015
60,89,-3.704960368025206
60,90,18.959329476460056
60,91,-4.625834976196924
60,92,-4.663750505215252
60,93,-5.999119524316964
60,94,-6.085506842854116
60,95,-6.5494166002904555
60,96,-6.7778208627816285
60,97,-7.438108766581756
60,98,-7.584992754551651
60,99,-7.813064868333105
60,100,-7.855353930449181
60,101,-8.156383926113161
60,102,-8.007444913101095
61,67,-7.498806606935368
61,68,-7.118595365223762
61,69,-7.08383325896455
61,70,-6.699466057481787
61,71,-6.706414917437114
61,72,-6.368472838440362
61,73,-6.799836602599349
61,74,-5.808610526906854
61,75,-5.021685352215705
61,76,-5.3404441148401185
61,77,-6.498806606935368
61,78,-5.1026072598396315
61,79,-6.535018779589813
61,80,-4.400509070440671
61,81,-5.8913515837207
61,82,-0.13904699051966685
61,83,-0.0023862394203621774
61,84,1.2482613505007687
61,85,0.7430132154436604
61,86,0.4191525983466906
61,87,-1.832480357295539
61,88,-2.2175731919756827
61,89,-3.5114621608321954
61,90,-2.489185766121043
61,91,-5.1057581405185894
61,92,-5.000496053145768
61,93,-5.2925205625229355
61,94,-5.880758510223275
61,95,-6.072295345570793
61,96,-6.4751426887375745
61,97,-6.817565369559781
61,98,-7.3227153478796865
61,99,-7.635483746814912
61,100,-7.4776173078654296
61,101,-7.699466057481787
61,102,-7.865338151355782
62,67,-7.758443917441124
62,69,-7.419625360887744
62,70,-6.896746615607405
62,71,-7.0379087641788205
62,72,-6.52108300164652
62,73,-6.485969382230196
62,74,-5.826708748999651
62,75,-5.845594093160024
62,76,-5.229293662717452
62,77,-5.31072223322043
62,78,-4.549807152908415
62,79,-4.712055184789807
62,80,-3.8603772567994894
62,81,-4.778647303529411
62,83,-0.030813947414219608
62,84,7.8327969968451985
62,85,11.025593949403733
62,86,15.845386124153219
62,89,1.954530593578287
62,91,-2.277073221254414
62,93,-4.374693814738583
62,94,-2.9693762525683822
62,95,-4.815939811273044
62,96,-4.996379486950936
62,97,-6.443046142247633
62,98,-6.5165353738958
62,99,-6.817565369559781
62,100,-7.118595365223762
62,101,-7.40890149549597
62,102,-7.343470569470306
62,103,-7.507580531242873
62,104,-7.595716619943424
63,67,-10.544564097496043
63,68,-9.248386604626473
63,71,-7.799836602599349
63,72,-7.3227153478796865
63,73,-6.980292667057481
63,74,-6.457413921777143
63,75,-6.416021236618918
63,76,-6.2459535759554745
63,77,-7.319829659642198
63,78,-5.8892121977101475
63,79,-7.129590749525225
63,80,-5.307355592470472
63,81,-6.490206435173451
63,82,-1.789238171092212
63,83,-1.8985919390668264
63,84,-1.1802758218816063
63,85,-0.8258963621798323
63,86,-0.5933431834751322
63,87,1.5673144502980225
63,88,18.230737005517238
63,89,1.1311683979326137
63,91,0.934837031805109
63,92,0.6772558984337206
63,93,-1.3807350905936884
63,94,-2.761232334608619
63,95,-4.058842671014463
63,96,-4.462976781682539
63,97,-5.919023010318558
63,98,-6.08383325896455
63,99,-6.473500741670597
63,100,-6.612315881762886
63,101,-6.880758510223275
63,102,-7.137078770917775
63,103,-7.268357685557094
63,104,-7.384863254628531
63,105,-8.197776611271387
64,71,-7.4574139217771425
64,72,-14.197776611271387
64,73,-7.156383926113162
64,74,-6.826708748999651
64,75,-6.735378613372431
64,76,-6.300149519980946
64,77,-6.35267857125713
64,78,-5.652469494805563
64,79,-5.907741999908869
64,80,-5.070347833419788
64,81,-4.358927520534132
64,82,-0.8786155656377828
64,83,-2.362035322217079
64,84,1.8521576848687284
64,85,-1.5947448882376127
64,86,6.253141115118855
64,87,-0.4692215580804112
64,88,14.033711839625912
64,89,-0.1813584011257728
64,95,-2.675825640703512
64,97,-5.157174271157314
64,98,-4.796376070489843
64,99,-5.666297694229132
64,100,-5.845594093160024
64,101,-6.485969382230196
64,102,-6.817565369559781
64,103,-6.869397007832649
64,104,-7.017363978433063
64,105,-7.623745343543668
64,106,-7.886022750215632
65,70,-10.525678753335669
65,73,-14.197776611271387
65,74,-7.294686624279443
65,75,-7.13897112459548
65,76,-6.954738562585092
65,77,-7.722832275805999
65,78,-6.419625360887744
65,79,-7.498806606935368
65,81,-6.595716619943424
65,82,-3.7276602581203826
65,83,-3.9425041061680806
65,84,-3.327817763886068
65,85,-3.4009248622215
65,86,-2.696769412711495
65,87,-2.699466057481786
65,88,-2.1930770070463317
65,89,-2.6100656462524756
65,90,-1.8363812321614266
65,91,-1.8339390824352462
65,92,1.8515464328580373
65,93,2.2555605892422683
65,95,-0.7031545671619439
65,96,-1.7240736425488488
65,97,-4.839841764270933
65,98,-4.430620745189207
65,99,-5.243534101832062
65,100,-5.396372901254032
65,101,-6.099132885454329
65,102,-6.211004877005142
65,103,-6.584992754551651
65,104,-6.791236430837432
65,105,-7.5165353738958
65,106,-7.405384921773133
65,107,-7.6179930146545765
66,73,-7.720655356551724
66,75,-7.5445640974960435
66,76,-7.137078770917775
66,77,-6.750618579929168
66,78,-6.539765214614275
66,79,-6.720655356551724
66,80,-5.977668523231332
66,81,-5.672731804234542
66,82,-5.202141416673837
66,83,-5.097406066153824
66,84,-4.865136200883924
66,85,-4.4678023255718315
66,86,-3.5659271491115687
66,87,-3.1363241321841935
66,88,6.4774093388586245
66,89,-2.946868911570531
66,91,-3.0318797012788794
66,93,-0.4027256712228544
66,99,-3.5747755600811044
66,100,-2.0308139474142197
66,101,-4.9282636670534705
66,102,-4.781136103933106
66,103,-5.907741999908869
66,104,-5.758443917441124
66,105,-6.886022750215632
66,106,-14.294686624279443
66,107,-7.343470569470306
66,108,-14.294686624279443
67,73,-9.720655356551724
67,74,-9.886022750215632
67,75,-7.896746615607405
67,77,-7.653708566921111
67,78,-7.118595365223762
67,79,-6.977668523231332
67,80,-6.735378613372431
67,81,-7.156383926113162
67,82,-6.174524151637676
67,83,-5.6414741105041
67,84,-5.952263943457237
67,85,-5.289828089659115
67,86,-5.417459299131235
67,87,-4.650248034811605
67,88,-4.039414119176137
67,89,-3.972467329545524
67,90,-4.6202848114341615
67,91,-4.667576913068305
67,92,-4.2014838927300655
67,93,-4.312415391239875
67,94,-3.5480524253418646
67,95,-4.5445640974960435
67,96,3.6602042842088123
67,97,-4.261262868792493
67,99,-2.513980565747317
67,100,-3.451142412333808
67,101,-5.244984168227295
67,102,-5.046713357917636
67,103,-5.279746274486507
67,104,-5.774530737334579
67,105,-6.10086659826333
67,106,-6.659957516198113
67,107,-6.993656628615462
67,108,-7.220053005982539
67,109,-14.294686624279443
68,76,-14.197776611271387
68,78,-7.268357685557094
68,79,-7.10086659826333
68,80,-6.836048775253794
68,81,-6.896746615607405
68,82,-6.231634878532354
68,83,-6.127738744663632
68,84,-6.485969382230196
68,85,-5.929432697320322
68,86,-5.148946524743037
68,87,-4.996379486950936
68,88,-4.430620745189207
68,89,-4.449976520407018
68,90,-3.5826686238281926
68,91,-4.164352855784437
68,92,-2.4864418817131293
68,93,-3.4359990737632087
68,95,-3.8455940931600243
68,97,-2.9271443507588666
68,101,-1.5895347805529354
68,103,-3.0665173347395926
68,104,-2.249657186890851
68,105,-5.574527320873487
68,106,-5.215505378231819
68,107,-5.6414741105041
68,108,-14.294686624279443
68,110,-14.294686624279443
69,75,-13.220053005982539
69,76,-12.997747344717617
69,77,-8.666297694229131
69,78,-7.735378613372431
69,79,-7.653708566921111
69,80,-7.5445640974960435
69,81,-7.156383926113162
69,82,-6.87867055196161
69,83,-6.595716619943424
69,84,-7.32854489154041
69,85,-6.590321588056718
69,86,-6.164352855784437
69,87,-5.575562588305091
69,88,-5.1607487315156115
69,89,-5.120772284478036
69,90,-4.760184579017426
69,91,-4.747527502952026
69,92,-4.240648413594574
69,93,-4.384195622703195
69,94,-3.684825531298896
69,95,-5.430620745189207
69,96,-2.4645151299171912
69,97,-3.0560133809955987
69,98,-1.5961511317174422
69,99,-0.5933431834751322
69,101,-0.4530518958682715
69,102,0.2835893128425117
69,103,-2.1390469905196667
69,104,-3.026576894470965
69,105,-4.988261596728756
69,106,-4.538811768606952
69,107,-5.441901755598895
69,108,-5.52108300164652
69,109,-14.021685352215705
69,110,-14.294686624279443
69,111,-14.021685352215705
69,112,-14.294686624279443
70,79,-7.653708566921111
70,80,-14.197776611271387
70,81,-7.294686624279443
70,82,-7.017363978433063
70,83,-6.875557316537468
70,84,-7.887083298928026
70,85,-7.245226317373185
70,86,-6.082166099597087
70,87,-5.912219302263613
70,88,-5.54746908813945
70,89,-5.497938885404141
70,90,-5.039414119176137
70,91,-5.097406066153824
70,92,-4.444883456386793
70,93,-4.677293078530595
70,94,-3.840986150919671
70,95,-4.725020161954174
70,96,-2.188921047275174
70,97,-4.4776173078654296
70,99,-1.0568986641714881
70,105,-1.940597402127196
70,107,-3.6612434191130676
70,108,-3.851423636820748
70,109,-4.817565369559781
70,110,-5.3404441148401185
70,111,-14.294686624279443
70,112,-14.294686624279443
70,113,-14.152453632484729
70,114,-14.294686624279443
70,115,-14.294686624279443
71,79,-8.845594093160024
71,80,-8.592471565130277
71,81,-7.653708566921111
71,82,-7.5445640974960435
71,84,-8.666297694229131
71,85,-7.805079658011721
71,86,-6.666297694229132
71,87,-6.473500741670597
71,88,-6.416021236618918
71,89,-5.94129940502971
71,90,-5.612315881762886
71,91,-5.583934789395317
71,92,-5.12186484978861
71,93,-5.22372570847851
71,94,-4.689651075188188
71,95,-5.297409482614917
71,96,-4.008848127510533
71,97,-4.980292667057481
71,98,-2.4102594625414984
71,99,-2.258664888072585
71,100,-1.6459968698933438
71,101,-1.7362180617556482
71,102,0.13700865129536885
71,103,0.5201160779146808
71,105,10.575475929066624
71,106,-1.739843631194401
71,107,-4.267337016504687
71,108,-3.2806914206308195
71,109,-4.964780500879233
71,110,-5.176587312201448
71,111,-5.419625360887744
71,112,-5.735378613372431
71,113,-6.220053005982539
71,114,-14.294686624279443
71,115,-14.294686624279443
71,116,-14.294686624279443
72,82,-7.197776611271387
72,83,-7.572979032310625
72,84,-9.137078770917775
72,85,-8.438108766581756
72,86,-7.043961746926858
72,87,-6.750618579929168
72,88,-6.365267698565151
72,89,-6.233988783925832
72,90,-5.903310385109794
72,91,-5.896746615607405
72,92,-5.45348362814871
72,93,-5.6179930146545765
72,94,-4.89006668786658
72,95,-5.40890149549597
72,96,-4.306517994367248
72,97,-5.210110346345112
72,98,-2.738112774248781
72,99,-2.8597187358516307
72,100,0.27212969067546106
72,101,-2.5695921031979743
72,102,15.301318079802943
72,103,-0.7171948244422179
72,109,-0.9350294478882537
72,110,6.949678090783875
72,111,-3.934756328167341
72,112,-3.327606890134946
72,113,-5.176587312201448
72,114,-5.305682008580907
73,82,-10.036408609036412
73,83,-8.473500741670598
73,84,-9.494485233152725
73,85,-8.758443917441124
73,86,-7.579728514559294
73,87,-7.308474908765077
73,89,-6.946138390823175
73,90,-6.473500741670597
73,91,-6.346518262552311
73,92,-6.007444913101096
73,93,-5.962248164363838
73,94,-5.595716619943424
73,95,-5.419625360887744
73,96,-5.030459276523211
73,97,-4.8907086606100885
73,99,-4.154807537878207
73,100,-3.4455744580948657
73,101,-3.8855992548316083
73,102,-2.9213148070981427
73,103,-3.0345555845558083
73,104,-2.191533121730762
73,105,-3.5695921031979743
73,106,0.2603594721240369
73,107,-3.0311333990519427
73,109,-0.5025780189100525
73,110,-1.8547226883585384
73,111,-3.0029848535494623
73,112,-4.026928407628078
73,113,-4.699466057481787
73,115,-6.206550535578892
73,117,-6.774530737334579
73,118,-14.021685352215705
73,119,-7.156383926113162
73,121,-14.294686624279443
74,83,-8.059473913105105
74,84,-10.401896593927312
74,85,-9.635483746814913
74,86,-8.539765214614274
74,87,-7.887083298928026
74,88,-7.423259645542838
74,89,-7.072295345570793
74,90,-6.699466057481787
74,91,-6.791236430837432
74,92,-6.215505378231819
74,93,-6.1999535305256614
74,94,-5.7920888245986095
74,95,-5.629574887204392
74,96,-5.336839990571293
74,97,-5.344078399495213
74,98,-4.901111421009856
74,99,-4.839841764270933
74,100,-4.199517272847688
74,101,-4.174112693073593
74,102,-3.544564097496043
74,103,-3.598767371448043
74,104,-1.2278391133055437
74,105,-4.151867144236378
74,106,18.25556058924227
74,107,-0.47879024462620734
74,109,20.82636288683979
74,111,-0.6866529274523063
74,113,-2.5622928644564746
74,114,-0.7185618993443826
74,115,-4.656197367324806
74,116,-4.243534101832062
74,120,-14.021685352215705
74,121,-14.294686624279443
74,122,-14.294686624279443
74,123,-14.294686624279443
75,85,-10.584992754551651
75,86,-10.85535393044918
75,87,-8.469422829250158
75,88,-7.907741999908869
75,89,-7.653708566921111
75,90,-7.294686624279443
75,91,-7.146624088824005
75,92,-6.727954595293224
75,93,-6.855353930449181
75,94,-6.590321588056718
75,95,-6.535018779589813
75,96,-6.316963018990595
75,97,-6.3227153478796865
75,98,-5.423990166290193
75,99,-5.3404441148401185
75,100,-4.950540061764623
75,101,-4.996379486950936
75,102,-4.574527320873487
75,103,-4.600081425345874
75,104,-4.430620745189207
75,105,-5.3297202494483455
75,106,-2.643651029758374
75,107,-2.1349690780992274
75,108,-0.7171948244422179
75,109,-1.013289602430687
75,111,-1.9919484378456445
75,112,10.636775980492327
75,113,-2.7119274698993396
75,114,-2.5568978325697684
75,115,-5.243534101832062
75,116,-4.72942928085923
75,117,-6.294686624279443
75,119,-6.799836602599349
75,120,-6.720655356551724
75,121,-7.021685352215705
75,122,-14.294686624279443
75,123,-14.294686624279443
75,124,-14.294686624279443
76,85,-10.69262663295148
76,86,-10.176587312201448
76,87,-9.758443917441124
76,88,-9.176587312201448
76,89,-8.647548258216293
76,90,-8.17042700349663
76,91,-7.590321588056718
76,92,-7.176587312201448
76,93,-6.963512486892597
76,94,-6.6313391190763165
76,95,-6.579728514559294
76,96,-6.215505378231819
76,97,-6.1485585886012055
76,98,-5.855353930449181
76,99,-5.574527320873487
76,100,-5.164352855784437
76,101,-5.243534101832062
76,102,-5.021685352215705
76,103,-4.907741999908869
76,104,-4.388216896636119
76,105,-3.699466057481786
76,106,-2.603251472135381
76,107,-2.828560753861244
76,108,13.748476111145163
76,109,-0.5910170157183695
76,110,15.301318079802943
76,115,-1.3747721436200115
76,117,-2.467850852806018
76,118,0.7784393345226057
76,119,-4.907741999908869
76,120,-4.177829929592544
76,121,-5.273497325209505
76,123,-6.799836602599349
76,124,-6.720655356551724
76,125,-14.294686624279443
76,126,-14.294686624279443
76,127,-14.294686624279443
77,88,-13.498806606935368
77,89,-9.47761730786543
77,90,-8.952263943457236
77,91,-8.152453632484729
77,92,-7.9510319015475455
77,93,-7.55928735431675
77,94,-6.993656628615462
77,95,-6.855353930449181
77,96,-6.5445640974960435
77,97,-6.601179515644927
77,98,-6.5445640974960435
77,99,-6.55928735431675
77,100,-6.0245903428591125
77,101,-6.419625360887744
77,102,-5.601179515644927
77,103,-5.5445640974960435
77,104,-5.030459276523211
77,105,-4.5445640974960435
77,106,-3.957227362988787
77,107,-3.452545626743246
77,108,-2.7841416140728312
77,109,-2.7213507842133757
77,110,-2.9213148070981427
77,111,-2.324456009455988
77,112,-1.4417189332506248
77,113,-1.4911475740053919
77,115,-0.6940658784317222
77,117,-2.657397076601269
77,118,-3.5826686238281926
77,119,-5.782803263300569
77,120,-4.957227362988787
77,121,-6.595716619943424
77,122,-6.720655356551724
77,123,-14.021685352215705
77,124,-14.021685352215705
77,125,-6.457413921777143
77,126,-14.294686624279443
77,127,-14.294686624279443
78,88,-11.021685352215705
78,89,-10.653708566921111
78,90,-10.193455237488743
78,91,-9.653708566921111
78,92,-9.358927520534131
78,93,-8.840795210278255
78,94,-8.509356789268676
78,95,-7.916743244023659
78,96,-7.5499048459651545
78,97,-7.09568608575955
78,98,-6.697402896918013
78,99,-6.498806606935368
78,100,-6.1828362614784504
78,101,-6.172470746006616
78,102,-5.750618579929167
78,103,-5.782803263300569
78,104,-5.294144095187149
78,105,-4.907741999908869
78,106,-4.482609253422929
78,107,-3.870009121368658
78,108,-3.624440771205319
78,109,-3.5714362438963443
78,110,-1.5553991565085743
78,111,-2.9062745620817863
78,112,11.696644472872293
78,113,-2.1105064289321844
78,115,1.6992580884749808
78,119,-2.643836572055213
78,121,-4.23210464005128
78,122,-2.8421335610505176
78,123,-5.3227153478796865
78,124,-2.299051429681893
78,125,-6.498806606935368
78,126,-6.485969382230196
78,128,-14.294686624279443
78,129,-14.294686624279443
78,130,-14.294686624279443
79,91,-11.036408609036412
79,92,-12.156383926113161
79,93,-9.156383926113161
79,94,-9.07885085844561
79,95,-8.419625360887743
79,98,-7.322425914692098
79,99,-7.08383325896455
79,100,-6.647548258216292
79,101,-6.574527320873487
79,102,-6.362086039778961
79,103,-6.308474908765077
79,104,-5.867362837922196
79,105,-6.184939386566215
79,106,-5.092266426501412
79,107,-4.691271578866515
79,108,-4.80157726417565
79,109,-4.774203091538651
79,110,-4.2627734598177325
79,111,-4.089211587538553
79,112,-3.440076986183648
79,113,-3.248777157244434
79,114,-2.6957593964442395
79,115,-2.3624919936386566
79,116,-0.2927565717005079
79,117,-1.7722259583198254
79,119,-2.1318791525638767
79,120,-2.065501548756432
79,121,-4.035809994907312
79,122,-4.305682008580907
79,123,-6.045488266888331
79,124,-5.720655356551724
79,125,-5.89892353486168
79,126,-5.9936566286154624
79,127,-5.896746615607405
79,128,-14.021685352215705
79,129,-14.021685352215705
79,130,-14.021685352215705
79,131,-14.021685352215705
80,91,-11.727954595293223
80,92,-11.135194627043223
80,93,-10.595716619943424
80,94,-10.176587312201448
80,95,-9.473500741670598
80,96,-9.191310569022155
80,97,-8.430620745189206
80,98,-8.073109393572777
80,99,-7.4776173078654296
80,100,-7.085506842854116
80,101,-6.942504106168081
80,102,-6.4641781503100475
80,103,-6.5256787533356695
80,104,-6.009269977453273
80,105,-5.807725114812399
80,106,-5.580776270150488
80,107,-5.441901755598895
80,108,-5.20877199557285
80,109,-4.839841764270933
80,110,-4.419625360887743
80,111,-4.030459276523211
80,112,-3.256762367565817
80,113,-3.3627205095512704
80,114,2.647671054253582
80,115,-2.920075734982594
80,117,-2.1353751505756593
80,123,-0.8939628691110894
80,125,-5.0096922375564485
80,126,-4.800532030261
80,127,-5.258257358652768
80,128,-4.1078714998319885
80,129,-5.942504106168081
80,131,-14.021685352215705
80,133,-14.021685352215705
80,134,-14.021685352215705
80,135,-14.021685352215705
80,136,-14.021685352215705
81,95,-9.782803263300568
81,96,-9.243534101832061
81,97,-8.09397289031543
81,98,-8.137078770917775
81,99,-7.461380108994744
81,100,-6.993656628615462
81,101,-7.007444913101096
81,102,-6.659957516198113
81,103,-6.494485233152726
81,104,-6.20877199557285
81,105,-6.059473913105105
81,106,-5.791236430837432
81,107,-5.647548258216292
81,108,-5.358927520534132
81,109,-5.305682008580907
81,111,-4.738384123512156
81,112,-4.386201605400793
81,113,-4.202141416673837
81,114,-3.8780461169411624
81,115,-3.677686283158544
81,116,-3.489185766121043
81,117,-3.218228236567292
81,118,-3.0721002008890537
81,119,-2.5258635988297997
81,120,-2.0791193783639605
81,121,-1.4720348115251585
81,123,0.5781244254317062
81,125,-5.097199308481791
81,126,-5.0421369775116105
81,127,-5.235928552253062
81,128,-5.385799666934433
81,129,-5.606712004244888
81,130,-5.5543239347852
81,131,-6.008848127510533
81,132,-5.8360487752537935
81,133,-14.021685352215705
81,134,-14.021685352215705
81,135,-14.021685352215705
82,96,-11.419625360887743
82,97,-9.954738562585092
82,98,-9.886022750215632
82,99,-8.845594093160024
82,100,-8.758443917441124
82,101,-7.770452824914139
82,102,-7.808610526906854
82,103,-6.699466057481787
82,104,-6.815759568696518
82,105,-6.316963018990595
82,106,-6.092266426501413
82,107,-5.907741999908869
82,108,-5.647548258216292
82,109,-5.596803715584638
82,110,-5.176587312201448
82,112,-4.691271578866515
82,113,-4.5445640974960435
82,114,-4.152453632484729
82,115,-4.8121703376730744
82,116,-3.5622928644564746
82,117,-3.7664128471123997
82,118,-2.6100656462524756
82,119,-2.972622462421581
82,120,4.720447387544919
82,121,-2.227169422375768
82,122,17.1464161198172
82,123,7.230737005517236
82,127,-3.4327640905976984
82,128,1.3466410585896007
82,129,-4.163148154646066
82,130,-2.9162978090849623
82,131,-4.712055184789807
82,132,-4.28832756429012
82,133,-5.331489272187192
82,134,-14.021685352215705
82,135,-6.1999535305256614
82,136,-6.3227153478796865
82,137,-14.021685352215705
82,138,-14.021685352215705
83,101,-9.38486325462853
83,102,-11.735378613372431
83,103,-9.322715347879686
83,104,-8.930604882868373
83,105,-8.720655356551724
83,106,-7.661218168699857
83,107,-6.699466057481787
83,108,-6.405384921773133
83,109,-5.9597305081425915
83,110,-5.6953494912869544
83,111,-5.52108300164652
83,112,-5.236355517204938
83,113,-5.010255890434924
83,114,-4.750773712805224
83,115,-4.707818131846552
83,116,-4.289291592392737
83,117,-4.1595539729026685
83,118,-3.707818131846552
83,119,-3.709507995775927
83,120,-2.8720967844279612
83,121,-2.892511249247938
83,122,-1.38881522100348
83,123,-1.7668995295251855
83,124,1.4992874477191152
83,125,5.56613590281248
83,126,19.30348414155945
83,127,-1.8622818021343623
83,128,-5.390241583202534
83,129,-3.9385412090726533
83,130,-4.061785764349762
83,131,-4.421802280142018
83,132,-4.839841764270933
83,133,-5.368472838440362
83,134,-5.505370376437757
83,135,-5.980292667057481
83,136,-6.156383926113162
83,137,-14.021685352215705
83,138,-14.021685352215705
83,139,-14.021685352215705
83,140,-14.021685352215705
83,141,-14.021685352215705
84,102,-12.051648575593148
84,103,-10.35267857125713
84,104,-11.06744284277638
84,105,-9.954738562585092
84,106,-10.109640522570835
84,107,-9.156383926113161
84,108,-8.990950735239537
84,109,-7.897833711248619
84,110,-7.905520539914911
84,111,-6.832288626380487
84,112,-6.735378613372431
84,113,-5.574527320873487
84,114,-5.4751426887375745
84,115,-4.982668030218294
84,116,-4.659580032921933
84,117,-4.527530758197263
84,118,-4.071320497839582
84,119,-4.155989292299635
84,120,-3.396084839332889
84,121,-3.701954857885481
84,122,-1.617810192306306
84,123,-3.1790761126051437
84,124,0.4623864652741179
84,125,2.093709769301197
84,126,-0.4212320920481949
84,127,-7.7861569053081565
84,128,-14.030016344835756
84,129,-12.92826366705347
84,130,-11.283169043500306
84,131,-10.248142687472125
84,132,-8.337438604700393
84,133,-7.314115176117769
84,134,-5.229714151194938
84,135,-4.706414917437114
84,136,-14.021685352215705
84,137,-5.449588584265187
84,138,-4.758443917441124
84,139,-14.021685352215705
84,140,-14.021685352215705
84,141,-14.021685352215705
84,142,-14.021685352215705
84,143,-14.021685352215705
85,106,-10.268357685557094
85,107,-8.554323934785199
85,108,-9.051648575593148
85,109,-8.896746615607405
85,110,-8.036408609036412
85,111,-7.909974881341161
85,112,-7.909974881341161
85,113,-6.875557316537468
85,114,-6.651851281915544
85,115,-5.865338151355782
85,116,-5.568367012168668
85,117,-5.233988783925832
85,118,-4.851423636820749
85,119,-4.760660518223308
85,120,-4.290903076549316
85,121,-4.234933930070144
85,122,-3.684825531298896
85,123,-3.730316501764123
85,124,-3.208504819629694
85,125,-3.034019087289431
85,126,-3.0843279681857365
85,127,-8.001876958862153
85,128,-14.401896593927312
85,129,-13.75217240799779
85,130,-11.498806606935368
85,131,-11.021685352215705
85,132,-8.985589006867428
85,133,-7.3915966372875
85,134,-5.750618579929167
85,135,-5.151281446936679
85,136,-5.358927520534132
85,137,-5.7664128471124
85,138,-5.799836602599349
85,139,-5.606712004244888
85,140,-14.021685352215705
85,141,-14.021685352215705
85,142,-14.021685352215705
85,143,-14.021685352215705
85,144,-14.021685352215705
86,107,-10.438108766581756
86,108,-10.606712004244887
86,109,-9.720655356551724
86,110,-9.85535393044918
86,111,-8.685893250292512
86,112,-8.685893250292512
86,113,-7.727954595293224
86,114,-7.485969382230196
86,115,-6.653708566921111
86,116,-6.5120348726691235
86,117,-5.855353930449181
86,118,-5.626650334187075
86,119,-5.268357685557094
86,120,-4.9670722976588175
86,121,-4.7545136238126915
86,122,-4.334156391001072
86,123,-4.261262868792493
86,124,-3.5622928644564746
86,125,-2.7781512503836434
86,126,-4.342257455603587
86,127,-9.20877199557285
86,128,-14.06744284277638
86,129,-13.137078770917775
86,130,-11.845594093160024
86,131,-10.766412847112399
86,132,-8.970532829768324
86,133,-6.901111421009856
86,134,-5.75373181535331
86,135,-4.3227153478796865
86,136,-1.979831769931526
86,137,-4.335049082953412
86,138,-3.6912715788665147
86,139,-5.052269439861724
86,140,-4.851423636820749
86,141,-6.193455237488744
86,142,-5.685893250292512
86,143,-6.419625360887744
87,110,-10.720655356551724
87,111,-9.322715347879686
87,112,-9.419625360887743
87,113,-8.808610526906854
87,114,-8.706414917437113
87,115,-8.021685352215705
87,116,-7.758443917441124
87,117,-7.243534101832062
87,118,-6.907741999908869
87,119,-6.294686624279443
87,120,-6.32854489154041
87,121,-5.727219126054113
87,122,-5.795515228816707
87,123,-5.218228236567292
87,124,-5.229293662717452
87,125,-4.419625360887743
87,126,-5.956977840154056
87,127,-9.799836602599349
87,128,-14.5643081556918
87,129,-13.653708566921111
87,130,-12.156383926113161
87,131,-10.457413921777142
87,132,-9.197776611271387
87,133,-6.06105604411498
87,134,-5.030459276523211
87,135,-4.568367012168668
87,136,-4.378232675729518
87,137,-5.198211123045405
87,138,-5.124058260925264
87,139,-5.808610526906854
87,140,-5.327958403292059
87,141,-5.919023010318558
87,142,-5.798102889790349
87,143,-6.217773239687641
87,144,-6.253293939121218
87,145,-6.758443917441125
87,146,-7.5445640974960435
88,113,-10.294686624279443
88,114,-9.294686624279443
88,115,-9.007444913101095
88,116,-8.742931751262876
88,117,-8.176587312201448
88,118,-8.118595365223761
88,119,-7.368472838440362
88,120,-7.384863254628531
88,121,-6.817565369559781
88,122,-6.930604882868373
88,123,-6.384863254628531
88,124,-6.384863254628531
88,125,-5.284492709510968
88,126,-7.1078714998319885
88,127,-10.278698518895313
88,128,-14.238735218950293
88,129,-13.294686624279443
88,130,-12.085339193949544
88,131,-9.498806606935368
88,132,-9.243534101832061
88,133,-6.051648575593148
88,134,-5.919023010318558
88,135,-1.504246634061193
88,136,-2.002158982219232
88,137,-1.3891065960442006
88,138,3.204408066794887
88,139,-4.0953429055900505
88,140,0.7599559288285926
88,141,-5.118595365223762
88,142,-3.752172407997789
88,143,-5.481773267636588
88,144,-5.097406066153824
88,145,-6.021685352215705
88,146,-6.021685352215705
89,116,-9.197776611271387
89,117,-9.156383926113161
89,118,-9.06744284277638
89,119,-8.52108300164652
89,120,-8.55928735431675
89,121,-7.954738562585092
89,122,-8.176587312201448
89,123,-7.5543239347852
89,124,-7.630750245112327
89,125,-6.584992754551651
89,126,-8.268357685557094
89,127,-10.85535393044918
89,128,-14.659957516198112
89,129,-13.485969382230195
89,130,-12.426924599629242
89,131,-9.077202680065536
89,132,-8.782803263300568
89,133,-6.799836602599349
89,134,-5.398436061817805
89,135,-3.4984593102500043
89,136,-1.565781192302296
89,137,-2.4746001596452802
89,138,1.3381864097839982
89,139,-3.153628990392664
89,140,-3.923387815721008
89,141,-5.412446776260619
89,142,-4.845594093160025
89,143,-5.423259645542838
89,144,-5.343470569470306
89,145,-5.855353930449181
89,146,-5.706414917437114
89,147,-5.6414741105041
90,118,-10.268357685557094
90,119,-10.10086659826333
90,120,-9.294686624279443
90,121,-8.930604882868373
90,122,-8.997747344717617
90,123,-8.340444114840118
90,124,-8.55928735431675
90,125,-7.419625360887744
90,126,-9.08383325896455
90,127,-11.097406066153823
90,128,-14.41244677626062
90,129,-13.47761730786543
90,130,-12.512034872669123
90,131,-10.258257358652768
90,132,-10.148558588601205
90,133,-7.720655356551724
90,134,-7.481773267636588
90,135,-4.778647303529411
90,136,-4.235359917825636
90,137,-1.290520936420845
90,138,0.2816851059877184
90,139,3.8968143016285173
90,140,4.877659430008736
90,141,-2.5356234361189562
90,142,10.1464161198172
90,143,-4.381601620842585
90,144,-1.1802758218816063
90,145,-4.863322860120456
90,146,-4.148946524743037
90,147,-5.039414119176137
90,148,-4.747527502952026
91,120,-14.021685352215705
91,121,-9.791236430837431
91,122,-9.77453073733458
91,123,-9.268357685557094
91,124,-9.35267857125713
91,125,-8.322715347879686
91,126,-9.919023010318558
91,127,-11.445728163451948
91,128,-14.77453073733458
91,129,-13.606712004244887
91,130,-12.727954595293223
91,131,-10.036408609036412
91,132,-9.791236430837431
91,133,-7.571436243896344
91,134,-7.268357685557094
91,135,-5.465382851448418
91,136,-4.137456582583102
91,137,-2.6000814253458744
91,138,-2.3862016054007933
91,139,-1.321743616173875
91,140,4.5156319772273426
91,141,-2.4417189332506246
91,142,-1.1313314111015265
91,143,-3.116429303467254
91,144,-4.333265530212995
91,145,-4.761613964230631
91,146,-4.781136103933106
91,147,-5.362720509551271
91,148,-3.6872316010647745
92,123,-10.653708566921111
92,124,-9.845594093160024
92,125,-9.294686624279443
92,126,-10.791236430837431
92,127,-11.875557316537467
92,129,-13.679262671393499
92,130,-12.82670874899965
92,131,-12.243534101832061
92,132,-10.574527320873486
92,133,-8.659957516198112
92,134,-8.070671812906578
92,135,-5.6792626713934995
92,136,-4.761613964230631
92,137,-3.957227362988787
92,138,-1.25629698168567
92,139,-1.9390435740585743
92,140,1.838507306046588
92,141,5.202203866879659
92,142,5.390339580597949
92,143,8.847860743281075
92,144,7.369874974875306
92,145,-1.732860430838876
92,146,9.650401248582533
92,147,-4.350512509500622
92,148,-2.793284993512701
92,150,-4.495346074825862
93,126,-12.799836602599349
93,127,-12.10086659826333
93,130,-13.156383926113161
93,131,-11.919023010318558
93,132,-9.94250410616808
93,133,-8.954738562585092
93,134,-7.791236430837432
93,135,-5.7106382357942005
93,136,-5.118595365223762
93,137,-5.0578975248701505
93,138,-4.032235534549014
93,139,-4.553338021803548
93,140,-4.161946786018559
93,141,-1.9188401879702872
93,142,0.03551197794781816
93,143,5.184979514956561
93,144,6.331512865159694
93,145,-2.240280425874074
93,146,-2.1901175783414106
93,147,-3.9289647075316063
93,148,-4.577640556297629
93,149,-5.378232675729518
93,150,-5.45348362814871
93,151,-5.3608198742118365
94,134,-7.4574139217771425
94,135,-5.5445640974960435
94,136,-5.490206435173451
94,137,-4.7861569053081565
94,138,-4.19173865627407
94,139,-4.400509070440671
94,140,-2.9980214340179123
94,141,-4.317534835375906
94,142,0.45635030859391346
94,143,-0.9029472287102976
94,144,1.9432876775050025
94,145,4.382485294516416
94,146,3.817258121896262
94,147,1.1565039668157246
94,148,5.574319351866681
94,149,-3.2473728084640547
94,150,7.91037862973303
94,151,-2.9213148070981427
94,152,-1.5272635822541065
94,153,-2.206267007263352
95,128,-9.799836602599349
95,134,-7.5445640974960435
95,135,-6.007444913101096
95,137,-5.601179515644927
95,138,-5.215505378231819
95,139,-5.355167371660825
95,140,-4.707818131846552
95,141,-5.164352855784437
95,142,-3.8537775422142255
95,143,-3.7294292808592293
95,144,-2.86695714477555
95,145,-2.2366403938841617
95,146,2.6363745992420347
95,147,-2.7378415944198617
95,148,3.8674018639709393
95,149,-2.938182732385438
95,150,-3.6307502451123264
95,151,-4.129590749525225
95,152,-4.358927520534132
96,137,-6.137078770917775
96,138,-5.791236430837432
96,142,-3.6000814253458744
96,143,-3.5111403420090936
96,144,-1.1309291002974873
96,145,-1.0464190207447956
96,146,-0.3506384639032923
96,147,1.4641810731248694
96,148,1.2582065344530204
96,149,3.9257548848305
96,150,3.6729400069789646
96,151,7.193412682493424
96,152,5.541867328085543
96,153,-3.913458695840777
96,154,3.919366176515036
96,155,-4.495346074825862
96,156,-2.2612628687924934
97,136,-6.176587312201449
97,137,-5.35267857125713
97,139,-6.156383926113162
97,141,-5.3404441148401185
97,143,-5.039414119176137
97,144,-5.0578975248701505
97,145,-4.875557316537468
97,146,-3.2797462744865067
97,147,-3.2418003890230613
97,148,-1.867687665522906
97,149,-2.3070203593531686
97,150,3.140167170540199
97,151,0.954530593578287
97,152,-0.04377892457858725
97,153,-3.4357285695614372
97,154,-3.975580564969667
97,156,-4.720655356551724
98,139,-7.176587312201448
98,140,-9.174524151637675
98,141,-5.907741999908869
98,142,-5.738384123512156
98,143,-5.143163556714499
98,144,-5.152453632484729
98,145,-4.691271578866515
98,146,-4.432853626621498
98,147,-4.067442842776381
98,148,-2.3898358900558874
98,149,-3.449743717141243
98,150,-0.03919702620390695
98,151,2.545595200604786
98,152,1.1168958281272106
98,153,2.9535644208062664
98,154,0.4230420254403103
98,155,-1.3116289449932312
98,156,-0.7805374898040058
98,157,-3.7912364308374316
98,158,-4.630750245112327
99,141,-6.720655356551724
99,142,-6.595716619943424
99,143,-6.368472838440362
99,144,-6.176587312201449
99,145,-5.930604882868373
99,146,-5.6792626713934995
99,147,-4.845594093160025
99,149,-4.3404441148401185
99,150,-3.7112044607530303
99,151,-3.008005654924513
99,152,-2.423990166290193
99,153,0.11137301178922714
99,154,-1.251175021793969
99,155,-0.12185609835070099
99,156,-0.9624097923827869
99,157,-4.315821639931786
99,158,-1.6758021392839928
100,141,-10.635483746814913
100,142,-10.595716619943424
100,143,-8.135194627043223
100,144,-10.004652012916925
100,145,-6.875557316537468
100,146,-7.311285886098905
100,147,-6.007444913101096
100,148,-5.960987511862094
100,149,-5.305682008580907
100,150,-4.243534101832062
100,151,-3.218228236567292
100,152,-2.5378414052943583
100,153,-2.0851716097368125
100,154,-3.4319590959614685
100,155,-2.639956733680595
100,156,-3.524479171511751
100,157,-0.5601268026999671
100,158,-10.930604882868373
100,159,-7.3227153478796865
101,143,-7.919023010318558
101,144,-10.544564097496043
101,145,-7.5445640974960435
101,146,-7.419625360887744
101,147,-6.653708566921111
101,148,-6.162346873086839
101,149,-5.782803263300569
101,150,-5.118595365223762
101,151,-5.358927520534132
101,152,-4.942504106168081
101,153,-4.720655356551724
101,154,-4.289291592392737
101,155,-3.83023433775081
101,156,-3.200565028438882
101,157,-0.8504856354152837
101,158,-3.738384123512156
101,159,-1.059865744472042
102,146,-13.197776611271387
102,148,-12.875557316537467
102,149,-7.595716619943424
102,150,-7.1078714998319885
102,151,-5.511140342009093
102,152,-5.789536645959537
102,153,-5.174112693073593
102,154,-7.034913617949461
102,155,-6.109640522570835
102,156,-10.419625360887743
102,157,-3.957227362988787
102,158,-8.473500741670598
102,160,-9.799836602599349
103,149,-7.980292667057481
103,150,-7.742931751262876
103,151,-6.241128032066183
103,152,-6.006046217908531
103,153,-6.05320240366177
103,154,-6.896746615607405
103,155,-6.905520539914911
103,156,-6.706414917437114
103,157,-5.243534101832062
103,158,-4.129590749525225
103,159,-3.3404441148401185
103,163,-2.9011114210098556
104,149,-9.457413921777142
104,150,-12.133318622044468
104,151,-7.273497325209505
104,152,-9.67468077301882
104,153,-6.855353930449181
104,154,-9.419625360887743
104,155,-7.118595365223762
104,156,-9.176587312201448
104,157,-5.666297694229132
104,158,-7.137078770917775
104,159,-4.720655356551724
104,161,-5.720655356551724
105,150,-7.294686624279443
105,151,-7.294686624279443
105,152,-7.137078770917775
105,153,-6.865338151355782
105,154,-7.791236430837432
105,155,-7.316963018990595
105,156,-7.243534101832062
105,157,-5.954738562585092
105,158,-6.067442842776381
105,161,-4.3404441148401185
105,163,-2.4953460748258616
105,165,-2.7664128471123997
106,152,-10.10086659826333
106,153,-8.036408609036412
106,154,-9.94250410616808
106,155,-8.137078770917775
106,156,-9.659957516198112
106,157,-7.498806606935368
106,158,-8.930604882868373
106,159,-6.3404441148401185
106,160,-7.9673276898931125
106,163,-5.229293662717452
106,165,-5.3404441148401185
107,153,-8.954738562585092
107,154,-9.419625360887743
107,155,-8.49020643517345
107,157,-7.855353930449181
107,159,-7.176587312201448
107,160,-6.268357685557094
107,163,-5.720655356551724
107,165,-6.4776173078654296
107,167,-5.855353930449181
107,171,-4.441901755598895
108,156,-10.595716619943424
108,157,-10.197776611271387
108,158,-10.026050157618156
108,159,-8.782803263300568
108,160,-7.896746615607405
108,161,-6.5120348726691235
108,162,-6.6179930146545765
108,165,-7.6179930146545765
108,167,-8.322715347879686
108,169,-10.021685352215705
108,170,-4.441901755598895
109,157,-10.176587312201448
109,159,-9.176587312201448
109,161,-7.817565369559781
109,165,-7.855353930449181
109,167,-7.659957516198113
109,168,-6.799836602599349
109,169,-6.845594093160024
109,173,-5.6792626713934995
110,160,-11.197776611271387
110,161,-10.28661900253141
110,163,-11.268357685557094
110,167,-9.886022750215632
110,169,-8.243534101832061
110,170,-9.653708566921111
110,171,-6.5165353738958
110,172,-5.6792626713934995
111,161,-9.919023010318558
111,163,-9.419625360887743
111,167,-9.875557316537467
111,168,-8.268357685557094
111,169,-6.855353930449181
111,170,-6.08383325896455
111,171,-5.498806606935368
111,175,-4.6792626713934995
112,165,-10.659957516198112
112,169,-8.38486325462853
112,170,-10.516535373895799
112,171,-6.896746615607405
112,172,-8.465382851448418
112,173,-5.9673276898931125
112,174,-4.6792626713934995
113,165,-10.35267857125713
113,169,-8.653708566921111
113,171,-7.5120348726691235
113,172,-6.758443917441125
113,173,-6.52108300164652
113,177,-7.197776611271387
114,170,-10.10086659826333
114,172,-8.278698518895313
114,173,-7.791236430837432
114,174,-7.692626632951481
114,175,-7.067442842776381
114,176,-6.220053005982539
115,173,-8.268357685557094
115,174,-8.156383926113161
115,175,-7.685893250292512
116,174,-9.579728514559294
116,176,-9.391596637287499
116,177,-8.77453073733458
117,176,-9.35267857125713
117,177,-8.791236430837431
118,176,-10.735378613372431
