temp,lambda,intensity
1000,1E-10,0
1000,3.04020202020202E-08,1.09285487299372E-184
1000,6.07040404040404E-08,1.5102268320642E-83
1000,9.10060606060606E-08,3.8813939247829E-50
1000,1.21308080808081E-07,1.32931624470049E-33
1000,1.51610101010101E-07,8.69372622025592E-24
1000,1.81912121212121E-07,2.58189684173125E-17
1000,2.12214141414141E-07,9.64496169234682E-13
1000,2.42516161616162E-07,2.37229280961103E-09
1000,2.72818181818182E-07,9.60663618070824E-07
1000,3.03120202020202E-07,0.000110791216497
1000,3.33422222222222E-07,0.005151022549417
1000,3.63724242424242E-07,0.121617522970274
1000,3.94026262626263E-07,1.7099264276905
1000,4.24328282828283E-07,16.0347764332333
1000,4.54630303030303E-07,108.948453078215
1000,4.84932323232323E-07,570.598010986811
1000,5.15234343434344E-07,2414.73466957229
1000,5.45536363636364E-07,8564.6209657945
1000,5.75838383838384E-07,26201.6615047265
1000,6.06140404040404E-07,70742.4918858749
1000,6.36442424242424E-07,171706.434782093
1000,6.66744444444445E-07,380353.916589431
1000,6.97046464646465E-07,778514.954907257
1000,7.27348484848485E-07,1487621.25214563
1000,7.57650505050505E-07,2676723.62907537
1000,7.87952525252525E-07,4568277.68771817
1000,8.18254545454546E-07,7440704.96378951
1000,8.48556565656566E-07,11627121.3544844
1000,8.78858585858586E-07,17510080.8901449
1000,9.09160606060606E-07,25512624.4302378
1000,9.39462626262626E-07,36086283.5333752
1000,9.69764646464647E-07,49696931.8939212
1000,1.00006666666667E-06,66809490.2120574
1000,1.03036868686869E-06,87872486.4103841
1000,1.06067070707071E-06,113303376.227588
1000,1.09097272727273E-06,143475369.482246
1000,1.12127474747475E-06,178706314.404801
1000,1.15157676767677E-06,219249991.880153
1000,1.18187878787879E-06,265289982.646758
1000,1.21218080808081E-06,316936106.416061
1000,1.24248282828283E-06,374223299.584985
1000,1.27278484848485E-06,437112700.011804
1000,1.30308686868687E-06,505494642.000799
1000,1.33338888888889E-06,579193228.68679
1000,1.36369090909091E-06,657972137.657084
1000,1.39399292929293E-06,741541323.663639
1000,1.42429494949495E-06,829564304.537857
1000,1.45459696969697E-06,921665748.272685
1000,1.48489898989899E-06,1017439116.70225
1000,1.51520101010101E-06,1116454161.0583
1000,1.54550303030303E-06,1218264104.42687
1000,1.57580505050505E-06,1322412383.95812
1000,1.60610707070707E-06,1428438860.37683
1000,1.63640909090909E-06,1535885433.16639
1000,1.66671111111111E-06,1644301026.40428
1000,1.69701313131313E-06,1753245932.55555
1000,1.72731515151515E-06,1862295519.73049
1000,1.75761717171717E-06,1971043322.27776
1000,1.78791919191919E-06,2079103545.48972
1000,1.81822121212121E-06,2186113023.06555
1000,1.84852323232323E-06,2291732671.24075
1000,1.87882525252525E-06,2395648486.57151
1000,1.90912727272727E-06,2497572135.65451
1000,1.93942929292929E-06,2597241184.92662
1000,1.96973131313131E-06,2694419017.44514
1000,2.00003333333333E-06,2788894481.47607
1000,2.03033535353535E-06,2880481313.05059
1000,2.06063737373737E-06,2969017371.58922
1000,2.09093939393939E-06,3054363724.39903
1000,2.12124141414141E-06,3136403612.45384
1000,2.15154343434343E-06,3215041326.4724
1000,2.18184545454545E-06,3290201018.99465
1000,2.21214747474747E-06,3361825474.97747
1000,2.24244949494949E-06,3429874860.4326
1000,2.27275151515152E-06,3494325465.83515
1000,2.30305353535354E-06,3555168458.4595
1000,2.33335555555556E-06,3612408655.45485
1000,2.36365757575758E-06,3666063327.35867
1000,2.3939595959596E-06,3716161039.8534
1000,2.42426161616162E-06,3762740539.89496
1000,2.45456363636364E-06,3805849690.86651
1000,2.48486565656566E-06,3845544460.12478
1000,2.51516767676768E-06,3881887961.19564
1000,2.5454696969697E-06,3914949551.92357
1000,2.57577171717172E-06,3944803989.07344
1000,2.60607373737374E-06,3971530639.2064
1000,2.63637575757576E-06,3995212745.09183
1000,2.66667777777778E-06,4015936746.46025
1000,2.6969797979798E-06,4033791653.536
1000,2.72728181818182E-06,4048868471.50195
1000,2.75758383838384E-06,4061259673.83057
1000,2.78788585858586E-06,4071058722.25729
1000,2.81818787878788E-06,4078359631.06498
1000,2.8484898989899E-06,4083256573.28339
1000,2.87879191919192E-06,4085843526.38016
1000,2.90909393939394E-06,4086213955.02144
1000,2.93939595959596E-06,4084460528.50778
1000,2.96969797979798E-06,4080674870.53785
1000,3E-06,4074947339.01606
2000,1E-10,0
2000,3.04020202020202E-08,7.07918063577048E-82
2000,6.07040404040404E-08,4.67126979352976E-32
2000,9.10060606060606E-08,8.60549641705209E-16
2000,1.21308080808081E-07,7.76332346940787E-08
2000,1.51610101010101E-07,0.003595344356103
2000,1.81912121212121E-07,3.92892016192963
2000,2.12214141414141E-07,516.621299174721
2000,2.42516161616162E-07,18352.2910138278
2000,2.72818181818182E-07,275144.129975166
2000,3.03120202020202E-07,2270770.88369924
2000,3.33422222222222E-07,12201640.5584895
2000,3.63724242424242E-07,47700761.6663291
2000,3.94026262626263E-07,146431209.522729
2000,4.24328282828283E-07,372592732.280783
2000,4.54630303030303E-07,817377159.828396
2000,4.84932323232323E-07,1591916578.27633
2000,5.15234343434344E-07,2814368284.80124
2000,5.45536363636364E-07,4594661039.52483
2000,5.75838383838384E-07,7020569878.97659
2000,6.06140404040404E-07,10147708302.188
2000,6.36442424242424E-07,13994541247.8829
2000,6.66744444444445E-07,18542239941.1387
2000,6.97046464646465E-07,23738389793.3868
2000,7.27348484848485E-07,29503232095.4952
2000,7.57650505050505E-07,35737145526.259
2000,7.87952525252525E-07,42328302310.3088
2000,8.18254545454546E-07,49159739785.5381
2000,8.48556565656566E-07,56115387676.3278
2000,8.78858585858586E-07,63084840635.0766
2000,9.09160606060606E-07,69966849437.686
2000,9.39462626262626E-07,76671624755.8653
2000,9.69764646464647E-07,83122115283.7907
2000,1.00006666666667E-06,89254450383.2698
2000,1.03036868686869E-06,95017738878.4025
2000,1.06067070707071E-06,100373400571.054
2000,1.09097272727273E-06,105294183302.571
2000,1.12127474747475E-06,109762991421.274
2000,1.15157676767677E-06,113771624844.45
2000,1.18187878787879E-06,117319503567.828
2000,1.21218080808081E-06,120412431473.238
2000,1.24248282828283E-06,123061435925.594
2000,1.27278484848485E-06,125281705820.649
2000,1.30308686868687E-06,127091640099.545
2000,1.33338888888889E-06,128512010834.913
2000,1.36369090909091E-06,129565239342.016
2000,1.39399292929293E-06,130274779927.365
2000,1.42429494949495E-06,130664603454.82
2000,1.45459696969697E-06,130758771543.253
2000,1.48489898989899E-06,130581091627.576
2000,1.51520101010101E-06,130154843089.586
2000,1.54550303030303E-06,129502565018.953
2000,1.57580505050505E-06,128645896761.667
2000,1.60610707070707E-06,127605463151.752
2000,1.63640909090909E-06,126400797127.798
2000,1.66671111111111E-06,125050293256.385
2000,1.69701313131313E-06,123571186484.004
2000,1.72731515151515E-06,121979551194.368
2000,1.75761717171717E-06,120290316345.368
2000,1.78791919191919E-06,118517293092.209
2000,1.81822121212121E-06,116673211868.42
2000,1.84852323232323E-06,114769766395.272
2000,1.87882525252525E-06,112817662526.13
2000,1.90912727272727E-06,110826670209.642
2000,1.93942929292929E-06,108805677179.707
2000,1.96973131313131E-06,106762743256.323
2000,2.00003333333333E-06,104705154374.974
2000,2.03033535353535E-06,102639475658.427
2000,2.06063737373737E-06,100571603008.508
2000,2.09093939393939E-06,98506812830.929
2000,2.12124141414141E-06,96449809617.714
2000,2.15154343434343E-06,94404771202.55
2000,2.18184545454545E-06,92375391577.8433
2000,2.21214747474747E-06,90364921220.9202
2000,2.24244949494949E-06,88376204923.2143
2000,2.27275151515152E-06,86411717152.3835
2000,2.30305353535354E-06,84473595004.9157
2000,2.33335555555556E-06,82563668827.3716
2000,2.36365757575758E-06,80683490599.2884
2000,2.3939595959596E-06,78834360180.9715
2000,2.42426161616162E-06,77017349535.8535
2000,2.45456363636364E-06,75233325040.5563
2000,2.48486565656566E-06,73482967996.8741
2000,2.51516767676768E-06,71766793459.1348
2000,2.5454696969697E-06,70085167488.2145
2000,2.57577171717172E-06,68438322940.2411
2000,2.60607373737374E-06,66826373894.0027
2000,2.63637575757576E-06,65249328816.5201
2000,2.66667777777778E-06,63707102561.328
2000,2.6969797979798E-06,62199527288.901
2000,2.72728181818182E-06,60726362393.4551
2000,2.75758383838384E-06,59287303515.1735
2000,2.78788585858586E-06,57881990711.789
2000,2.81818787878788E-06,56510015858.4836
2000,2.8484898989899E-06,55170929340.2614
2000,2.87879191919192E-06,53864246096.3487
2000,2.90909393939394E-06,52589451071.7924
2000,2.93939595959596E-06,51346004127.2765
2000,2.96969797979798E-06,50133344454.2611
2000,3E-06,48950894538.8674
3000,1E-10,0
3000,3.04020202020202E-08,1.31964310962101E-47
3000,6.07040404040404E-08,6.80611381718877E-15
3000,9.10060606060606E-08,0.00024175306947
3000,1.21308080808081E-07,30.1199425158808
3000,1.51610101010101E-07,26786.6664891393
3000,1.81912121212121E-07,2097577.30887114
3000,2.12214141414141E-07,41956209.0527696
3000,2.42516161616162E-07,362964613.646438
3000,2.72818181818182E-07,1813662880.68367
3000,3.03120202020202E-07,6214354683.50796
3000,3.33422222222222E-07,16265224552.69
3000,3.63724242424242E-07,34916913158.5593
3000,3.94026262626263E-07,64543813251.1127
3000,4.24328282828283E-07,106323723648.453
3000,4.54630303030303E-07,160017530237.77
3000,4.84932323232323E-07,224115570339.172
3000,5.15234343434344E-07,296203475990.821
3000,5.45536363636364E-07,373393390291.464
3000,5.75838383838384E-07,452712573240.09
3000,6.06140404040404E-07,531396057543.421
3000,6.36442424242424E-07,607071746278.154
3000,6.66744444444445E-07,677850598545.769
3000,6.97046464646465E-07,742344627353.876
3000,7.27348484848485E-07,799636551932.022
3000,7.57650505050505E-07,849221545854.483
3000,7.87952525252525E-07,890936562472.984
3000,8.18254545454546E-07,924887843517.796
3000,8.48556565656566E-07,951383157545.773
3000,8.78858585858586E-07,970872268362.924
3000,9.09160606060606E-07,983897026825.148
3000,9.39462626262626E-07,991051134243.757
3000,9.69764646464647E-07,992948846123.316
3000,1.00006666666667E-06,990201497949.787
3000,1.03036868686869E-06,983400603201.926
3000,1.06067070707071E-06,973106296930.217
3000,1.09097272727273E-06,959840006201.248
3000,1.12127474747475E-06,944080375389.508
3000,1.15157676767677E-06,926261631054.424
3000,1.18187878787879E-06,906773721371.138
3000,1.21218080808081E-06,885963700193.328
3000,1.24248282828283E-06,864137942289.271
3000,1.27278484848485E-06,841564873622.401
3000,1.30308686868687E-06,818477979946.422
3000,1.33338888888889E-06,795078920473.306
3000,1.36369090909091E-06,771540623257.613
3000,1.39399292929293E-06,748010277507.201
3000,1.42429494949495E-06,724612167377.073
3000,1.45459696969697E-06,701450313768.272
3000,1.48489898989899E-06,678610906796.985
3000,1.51520101010101E-06,656164523211.996
3000,1.54550303030303E-06,634168131170.928
3000,1.57580505050505E-06,612666890277.843
3000,1.60610707070707E-06,591695758300.849
3000,1.63640909090909E-06,571280918047.036
3000,1.66671111111111E-06,551441038874.485
3000,1.69701313131313E-06,532188387573.955
3000,1.72731515151515E-06,513529803088.33
3000,1.75761717171717E-06,495467548930.047
3000,1.78791919191919E-06,478000056334.006
3000,1.81822121212121E-06,461122570239.734
3000,1.84852323232323E-06,444827709199.103
3000,1.87882525252525E-06,429105949301.684
3000,1.90912727272727E-06,413946041231.129
3000,1.93942929292929E-06,399335368633.475
3000,1.96973131313131E-06,385260255104.948
3000,2.00003333333333E-06,371706226299.275
3000,2.03033535353535E-06,358658232915.519
3000,2.06063737373737E-06,346100839656.613
3000,2.09093939393939E-06,334018384643.887
3000,2.12124141414141E-06,322395113230.527
3000,2.15154343434343E-06,311215289672.787
3000,2.18184545454545E-06,300463289687.331
3000,2.21214747474747E-06,290123676541.707
3000,2.24244949494949E-06,280181262987.877
3000,2.27275151515152E-06,270621161051.67
3000,2.30305353535354E-06,261428821429.704
3000,2.33335555555556E-06,252590064015.88
3000,2.36365757575758E-06,244091100878.511
3000,2.3939595959596E-06,235918552833.115
3000,2.42426161616162E-06,228059460602.081
3000,2.45456363636364E-06,220501291418.156
3000,2.48486565656566E-06,213231941811.529
3000,2.51516767676768E-06,206239737218.334
3000,2.5454696969697E-06,199513428959.536
3000,2.57577171717172E-06,193042189061.994
3000,2.60607373737374E-06,186815603326.396
3000,2.63637575757576E-06,180823662988.545
3000,2.66667777777778E-06,175056755269.969
3000,2.6969797979798E-06,169505653070.069
3000,2.72728181818182E-06,164161504014.163
3000,2.75758383838384E-06,159015819038.986
3000,2.78788585858586E-06,154060460668.928
3000,2.81818787878788E-06,149287631111.838
3000,2.8484898989899E-06,144689860282.18
3000,2.87879191919192E-06,140259993841.175
3000,2.90909393939394E-06,135991181327.973
3000,2.93939595959596E-06,131876864442.517
3000,2.96969797979798E-06,127910765529.291
3000,3E-06,124086876301.307
4000,1E-10,0
4000,3.04020202020202E-08,1.80174466446568E-30
4000,6.07040404040404E-08,2.59795327332079E-06
4000,9.10060606060606E-08,128.135666224799
4000,1.21308080808081E-07,593276.801856994
4000,1.51610101010101E-07,73115214.6596325
4000,1.81912121212121E-07,1532640733.03257
4000,2.12214141414141E-07,11956614470.7258
4000,2.42516161616162E-07,51044792270.5495
4000,2.72818181818182E-07,147250072570.513
4000,3.03120202020202E-07,325095040005.391
4000,3.33422222222222E-07,593867472078.578
4000,3.63724242424242E-07,944738951558.248
4000,3.94026262626263E-07,1355216522207.26
4000,4.24328282828283E-07,1796429550443.82
4000,4.54630303030303E-07,2239658028162.87
4000,4.84932323232323E-07,2660573037063.28
4000,5.15234343434344E-07,3041155248515.51
4000,5.45536363636364E-07,3369909791814.2
4000,5.75838383838384E-07,3641090861572.85
4000,6.06140404040404E-07,3853500679606
4000,6.36442424242424E-07,4009226969141.81
4000,6.66744444444445E-07,4112514487419.42
4000,6.97046464646465E-07,4168850526278.98
4000,7.27348484848485E-07,4184275817228.54
4000,7.57650505050505E-07,4164897602134.9
4000,7.87952525252525E-07,4116568140440.49
4000,8.18254545454546E-07,4044690251643.84
4000,8.48556565656566E-07,3954115534553.15
4000,8.78858585858586E-07,3849107061718.87
4000,9.09160606060606E-07,3733344696511.93
4000,9.39462626262626E-07,3609956827653.44
4000,9.69764646464647E-07,3481566948586.01
4000,1.00006666666667E-06,3350347113331.93
4000,1.03036868686869E-06,3218072997276.28
4000,1.06067070707071E-06,3086177245713.67
4000,1.09097272727273E-06,2955799169091.66
4000,1.12127474747475E-06,2827829785166.07
4000,1.15157676767677E-06,2702951831681.12
4000,1.18187878787879E-06,2581674769739.63
4000,1.21218080808081E-06,2464365036353.72
4000,1.24248282828283E-06,2351271935193.78
4000,1.27278484848485E-06,2242549613579
4000,1.30308686868687E-06,2138275586904.03
4000,1.33338888888889E-06,2038466256740.73
4000,1.36369090909091E-06,1943089837866.8
4000,1.39399292929293E-06,1852077070481.23
4000,1.42429494949495E-06,1765330052054.39
4000,1.45459696969697E-06,1682729481855.16
4000,1.48489898989899E-06,1604140572090.88
4000,1.51520101010101E-06,1529417843796.1
4000,1.54550303030303E-06,1458408993543.78
4000,1.57580505050505E-06,1390957988794.26
4000,1.60610707070707E-06,1326907525094.3
4000,1.63640909090909E-06,1266100957117.57
4000,1.66671111111111E-06,1208383797372.64
4000,1.69701313131313E-06,1153604860945.01
4000,1.72731515151515E-06,1101617121550.54
4000,1.75761717171717E-06,1052278333136.66
4000,1.78791919191919E-06,1005451461988.67
4000,1.81822121212121E-06,961004966520.632
4000,1.84852323232323E-06,918812955427.455
4000,1.87882525252525E-06,878755249449.978
4000,1.90912727272727E-06,840717367487.198
4000,1.93942929292929E-06,804590454034.926
4000,1.96973131313131E-06,770271161813.966
4000,2.00003333333333E-06,737661500868.959
4000,2.03033535353535E-06,706668663283.052
4000,2.06063737373737E-06,677204830889.22
4000,2.09093939393939E-06,649186971904.183
4000,2.12124141414141E-06,622536631213.195
4000,2.15154343434343E-06,597179718049.928
4000,2.18184545454545E-06,573046294008.914
4000,2.21214747474747E-06,550070363668.05
4000,2.24244949494949E-06,528189669560.374
4000,2.27275151515152E-06,507345492796.561
4000,2.30305353535354E-06,487482460284.933
4000,2.33335555555556E-06,468548359209.589
4000,2.36365757575758E-06,450493959197.683
4000,2.3939595959596E-06,433272842423.593
4000,2.42426161616162E-06,416841241752.747
4000,2.45456363636364E-06,401157886914.078
4000,2.48486565656566E-06,386183858601.897
4000,2.51516767676768E-06,371882450340.658
4000,2.5454696969697E-06,358219037895.739
4000,2.57577171717172E-06,345160955976.743
4000,2.60607373737374E-06,332677381954.319
4000,2.63637575757576E-06,320739226294.881
4000,2.66667777777778E-06,309319029408.101
4000,2.6969797979798E-06,298390864598.139
4000,2.72728181818182E-06,287930246810.124
4000,2.75758383838384E-06,277914046867.299
4000,2.78788585858586E-06,268320410900.803
4000,2.81818787878788E-06,259128684682.538
4000,2.8484898989899E-06,250319342581.49
4000,2.87879191919192E-06,241873920874.727
4000,2.90909393939394E-06,233774955155.841
4000,2.93939595959596E-06,226005921595.475
4000,2.96969797979798E-06,218551181820.606
4000,3E-06,211395931191.237
5000,1E-10,0
5000,3.04020202020202E-08,3.44219361554411E-20
5000,6.07040404040404E-08,0.366159758100222
5000,9.10060606060606E-08,348536.970470613
5000,1.21308080808081E-07,223820212.652823
5000,1.51610101010101E-07,8426771449.1973
5000,1.81912121212121E-07,80107624321.9395
5000,2.12214141414141E-07,355218801641.01
5000,2.42516161616162E-07,992673711061.335
5000,2.72818181818182E-07,2059514940235.11
5000,3.03120202020202E-07,3493065281651.06
5000,3.33422222222222E-07,5142927036437.84
5000,3.63724242424242E-07,6835990685757.23
5000,3.94026262626263E-07,8424013039180
5000,4.24328282828283E-07,9804575036151.62
5000,4.54630303030303E-07,10922350376922
5000,4.84932323232323E-07,11760412773990
5000,5.15234343434344E-07,12328678078134.4
5000,5.45536363636364E-07,12653279149326.2
5000,5.75838383838384E-07,12768320774387.8
5000,6.06140404040404E-07,12710171155539.8
5000,6.36442424242424E-07,12513891315280.1
5000,6.66744444444445E-07,12211257267892.1
5000,6.97046464646465E-07,11829870973341
5000,7.27348484848485E-07,11392961569609.7
5000,7.57650505050505E-07,10919589248752.5
5000,7.87952525252525E-07,10425057445341.6
5000,8.18254545454546E-07,9921409419726.4
5000,8.48556565656566E-07,9417934925102
5000,8.78858585858586E-07,8921645836300.83
5000,9.09160606060606E-07,8437700836180.23
5000,9.39462626262626E-07,7969772194908.96
5000,9.69764646464647E-07,7520355121673.97
5000,1.00006666666667E-06,7091024095213.08
5000,1.03036868686869E-06,6682642337539.82
5000,1.06067070707071E-06,6295531073745.15
5000,1.09097272727273E-06,5929604989510.14
5000,1.12127474747475E-06,5584479710987.04
5000,1.15157676767677E-06,5259556401505.52
5000,1.18187878787879E-06,4954087817957.24
5000,1.21218080808081E-06,4667229461836.44
5000,1.24248282828283E-06,4398078826442.42
5000,1.27278484848485E-06,4145705193142.46
5000,1.30308686868687E-06,3909171965045.9
5000,1.33338888888889E-06,3687553139369.73
5000,1.36369090909091E-06,3479945201099.08
5000,1.39399292929293E-06,3285475460558.9
5000,1.42429494949495E-06,3103307646903.01
5000,1.45459696969697E-06,2932645399874.65
5000,1.48489898989899E-06,2772734166152.33
5000,1.51520101010101E-06,2622861897919.8
5000,1.54550303030303E-06,2482358864761.77
5000,1.57580505050505E-06,2350596821273.41
5000,1.60610707070707E-06,2226987718350.8
5000,1.63640909090909E-06,2110982103134.64
5000,1.66671111111111E-06,2002067318693.91
5000,1.69701313131313E-06,1899765587898.14
5000,1.72731515151515E-06,1803632045043.35
5000,1.75761717171717E-06,1713252762473.64
5000,1.78791919191919E-06,1628242806727.07
5000,1.81822121212121E-06,1548244348872.67
5000,1.84852323232323E-06,1472924846092.12
5000,1.87882525252525E-06,1401975305717.8
5000,1.90912727272727E-06,1335108638487.83
5000,1.93942929292929E-06,1272058104418.64
5000,1.96973131313131E-06,1212575852188.91
5000,2.00003333333333E-06,1156431551085.8
5000,2.03033535353535E-06,1103411113239.14
5000,2.06063737373737E-06,1053315502942.22
5000,2.09093939393939E-06,1005959629238.14
5000,2.12124141414141E-06,961171317565.486
5000,2.15154343434343E-06,918790356049.18
5000,2.18184545454545E-06,878667611947.625
5000,2.21214747474747E-06,840664213790.493
5000,2.24244949494949E-06,804650794836.027
5000,2.27275151515152E-06,770506793621.323
5000,2.30305353535354E-06,738119807557.705
5000,2.33335555555556E-06,707384995723.604
5000,2.36365757575758E-06,678204527219.93
5000,2.3939595959596E-06,650487071670.738
5000,2.42426161616162E-06,624147328669.721
5000,2.45456363636364E-06,599105593187.028
5000,2.48486565656566E-06,575287354158.315
5000,2.51516767676768E-06,552622923676.868
5000,2.5454696969697E-06,531047094399.066
5000,2.57577171717172E-06,510498822952.47
5000,2.60607373737374E-06,490920937304.199
5000,2.63637575757576E-06,472259866204.964
5000,2.66667777777778E-06,454465388971.179
5000,2.6969797979798E-06,437490404004.45
5000,2.72728181818182E-06,421290714574.672
5000,2.75758383838384E-06,405824830510.517
5000,2.78788585858586E-06,391053784549.761
5000,2.81818787878788E-06,376940962202.126
5000,2.8484898989899E-06,363451944069.778
5000,2.87879191919192E-06,350554359655.678
5000,2.90909393939394E-06,338217751768.31
5000,2.93939595959596E-06,326413450703.259
5000,2.96969797979798E-06,315114457448.253
5000,3E-06,304295335219.019
6000,1E-10,0
6000,3.04020202020202E-08,2.45997104236992E-13
6000,6.07040404040404E-08,991.661525452703
6000,9.10060606060606E-08,67915369.1614296
6000,1.21308080808081E-07,11685857778.2212
6000,1.51610101010101E-07,199570757857.89
6000,1.81912121212121E-07,1119859561037.38
6000,2.12214141414141E-07,3407418850318.62
6000,2.42516161616162E-07,7178938670690.57
6000,2.72818181818182E-07,11956904143545.7
6000,3.03120202020202E-07,17012861416763.1
6000,3.33422222222222E-07,21698380814889.7
6000,3.63724242424242E-07,25594017222457.3
6000,3.94026262626263E-07,28513960087962.2
6000,4.24328282828283E-07,30446678993145.2
6000,4.54630303030303E-07,31485758589055.2
6000,4.84932323232323E-07,31774306770041.2
6000,5.15234343434344E-07,31467906500236.8
6000,5.45536363636364E-07,30713339109245.8
6000,5.75838383838384E-07,29638395567360.7
6000,6.06140404040404E-07,28348581937460.1
6000,6.36442424242424E-07,26927661122111.5
6000,6.66744444444445E-07,25440044249402.6
6000,6.97046464646465E-07,23933848998308.5
6000,7.27348484848485E-07,22443979777321.9
6000,7.57650505050505E-07,20994917271833.7
6000,7.87952525252525E-07,19603097432020.4
6000,8.18254545454546E-07,18278863689165.1
6000,8.48556565656566E-07,17028026648669.8
6000,8.78858585858586E-07,15853085694048
6000,9.09160606060606E-07,14754170941261.6
6000,9.39462626262626E-07,13729760080343.4
6000,9.69764646464647E-07,12777217478190.5
6000,1.00006666666667E-06,11893194965047.6
6000,1.03036868686869E-06,11073926201316.6
6000,1.06067070707071E-06,10315439933366.9
6000,1.09097272727273E-06,9613711937246.54
6000,1.12127474747475E-06,8964770974257.95
6000,1.15157676767677E-06,8364770519890.87
6000,1.18187878787879E-06,7810035231665.65
6000,1.21218080808081E-06,7297088949966.22
6000,1.24248282828283E-06,6822669352807.09
6000,1.27278484848485E-06,6383733104282.3
6000,1.30308686868687E-06,5977454360282.75
6000,1.33338888888889E-06,5601218754457.43
6000,1.36369090909091E-06,5252614427606.36
6000,1.39399292929293E-06,4929421242080.29
6000,1.42429494949495E-06,4629599006349.35
6000,1.45459696969697E-06,4351275298343.92
6000,1.48489898989899E-06,4092733300065.48
6000,1.51520101010101E-06,3852399925519.57
6000,1.54550303030303E-06,3628834427979.45
6000,1.57580505050505E-06,3420717602404.45
6000,1.60610707070707E-06,3226841648035.87
6000,1.63640909090909E-06,3046100719877.37
6000,1.66671111111111E-06,2877482172235.18
6000,1.69701313131313E-06,2720058479954.76
6000,1.72731515151515E-06,2572979811342.96
6000,1.75761717171717E-06,2435467219428.13
6000,1.78791919191919E-06,2306806414000.45
6000,1.81822121212121E-06,2186342074905.13
6000,1.84852323232323E-06,2073472666671.42
6000,1.87882525252525E-06,1967645715260.93
6000,1.90912727272727E-06,1868353509147.8
6000,1.93942929292929E-06,1775129188835.33
6000,1.96973131313131E-06,1687543191076.46
6000,2.00003333333333E-06,1605200016360.4
6000,2.03033535353535E-06,1527735290556.41
6000,2.06063737373737E-06,1454813093901.42
6000,2.09093939393939E-06,1386123532733.69
6000,2.12124141414141E-06,1321380531482.65
6000,2.15154343434343E-06,1260319824406.41
6000,2.18184545454545E-06,1202697128415.86
6000,2.21214747474747E-06,1148286480033.92
6000,2.24244949494949E-06,1096878721113.01
6000,2.27275151515152E-06,1048280119376.84
6000,2.30305353535354E-06,1002311111170.73
6000,2.33335555555556E-06,958805155005.315
6000,2.36365757575758E-06,917607685569.621
6000,2.3939595959596E-06,878575158878.955
6000,2.42426161616162E-06,841574180119.37
6000,2.45456363636364E-06,806480706561.189
6000,2.48486565656566E-06,773179318646.715
6000,2.51516767676768E-06,741562553018.88
6000,2.5454696969697E-06,711530291854.777
6000,2.57577171717172E-06,682989203406.753
6000,2.60607373737374E-06,655852229139.69
6000,2.63637575757576E-06,630038113291.329
6000,2.66667777777778E-06,605470971077.67
6000,2.6969797979798E-06,582079892121.871
6000,2.72728181818182E-06,559798576006.478
6000,2.75758383838384E-06,538564997138.755
6000,2.78788585858586E-06,518321096380.48
6000,2.81818787878788E-06,499012497129.661
6000,2.8484898989899E-06,480588243754.776
6000,2.87879191919192E-06,463000560474.603
6000,2.90909393939394E-06,446204628950.648
6000,2.93939595959596E-06,430158383016.326
6000,2.96969797979798E-06,414822319109.183
6000,3E-06,400159321101.028
7000,1E-10,0
7000,3.04020202020202E-08,1.93513792091686E-08
7000,6.07040404040404E-08,280728.773966597
7000,9.10060606060606E-08,2934146471.50052
7000,1.21308080808081E-07,197075648880.491
7000,1.51610101010101E-07,1913538245656.55
7000,1.81912121212121E-07,7368422113222.38
7000,2.12214141414141E-07,17132546097429.4
7000,2.42516161616162E-07,29503100958893
7000,2.72818181818182E-07,42010245266621
7000,3.03120202020202E-07,52740264967130.5
7000,3.33422222222222E-07,60732191507227.6
7000,3.63724242424242E-07,65809011173034.4
7000,3.94026262626263E-07,68261269939118.5
7000,4.24328282828283E-07,68582308234586.3
7000,4.54630303030303E-07,67300904066921.4
7000,4.84932323232323E-07,64895237831637.3
7000,5.15234343434344E-07,61759506261991.7
7000,5.45536363636364E-07,58199546181941.4
7000,5.75838383838384E-07,54442021202765.5
7000,6.06140404040404E-07,50648358341825.3
7000,6.36442424242424E-07,46928964104110.7
7000,6.66744444444445E-07,43355774804407.4
7000,6.97046464646465E-07,39972534293473.3
7000,7.27348484848485E-07,36802833097542.5
7000,7.57650505050505E-07,33856204342422.1
7000,7.87952525252525E-07,31132641710295.4
7000,8.18254545454546E-07,28625887042209.6
7000,8.48556565656566E-07,26325784226503.4
7000,8.78858585858586E-07,24219938041475.3
7000,9.09160606060606E-07,22294863177027.7
7000,9.39462626262626E-07,20536763793249.2
7000,9.69764646464647E-07,18932048209947.3
7000,1.00006666666667E-06,17467655712460.1
7000,1.03036868686869E-06,16131251593309.1
7000,1.06067070707071E-06,14911331010085.2
7000,1.09097272727273E-06,13797260790197.3
7000,1.12127474747475E-06,12779279944036.5
7000,1.15157676767677E-06,11848473569653.1
7000,1.18187878787879E-06,10996730440971.6
7000,1.21218080808081E-06,10216691415019.9
7000,1.24248282828283E-06,9501693535605.36
7000,1.27278484848485E-06,8845713104078.48
7000,1.30308686868687E-06,8243309851376.01
7000,1.33338888888889E-06,7689573547708.66
7000,1.36369090909091E-06,7180073831386.64
7000,1.39399292929293E-06,6710813657126.58
7000,1.42429494949495E-06,6278186506718.16
7000,1.45459696969697E-06,5878937335083.95
7000,1.48489898989899E-06,5510127116592.63
7000,1.51520101010101E-06,5169100791360.73
7000,1.54550303030303E-06,4853458375872.76
7000,1.57580505050505E-06,4561028987057.63
7000,1.60610707070707E-06,4289847527230.82
7000,1.63640909090909E-06,4038133784281.12
7000,1.66671111111111E-06,3804273713808.8
7000,1.69701313131313E-06,3586802685292.08
7000,1.72731515151515E-06,3384390491184.49
7000,1.75761717171717E-06,3195827935062.97
7000,1.78791919191919E-06,3020014831857.03
7000,1.81822121212121E-06,2855949269357.1
7000,1.84852323232323E-06,2702717995367.4
7000,1.87882525252525E-06,2559487808903.98
7000,1.90912727272727E-06,2425497846693.15
7000,1.93942929292929E-06,2300052667907.75
7000,1.96973131313131E-06,2182516050631.48
7000,2.00003333333333E-06,2072305423029.39
7000,2.03033535353535E-06,1968886860702.1
7000,2.06063737373737E-06,1871770589293.45
7000,2.09093939393939E-06,1780506938188.09
7000,2.12124141414141E-06,1694682697155.8
7000,2.15154343434343E-06,1613917833149.41
7000,2.18184545454545E-06,1537862529211.84
7000,2.21214747474747E-06,1466194511660.95
7000,2.24244949494949E-06,1398616635456.42
7000,2.27275151515152E-06,1334854700964.28
7000,2.30305353535354E-06,1274655478270.02
7000,2.33335555555556E-06,1217784917793.1
7000,2.36365757575758E-06,1164026528262.14
7000,2.3939595959596E-06,1113179905155.95
7000,2.42426161616162E-06,1065059394529.71
7000,2.45456363636364E-06,1019492878756.12
7000,2.48486565656566E-06,976320672141.019
7000,2.51516767676768E-06,935394515642.952
7000,2.5454696969697E-06,896576661055.126
7000,2.57577171717172E-06,859739036011.979
7000,2.60607373737374E-06,824762482076.204
7000,2.63637575757576E-06,791536058957.601
7000,2.66667777777778E-06,759956408624.133
7000,2.6969797979798E-06,729927173697.84
7000,2.72728181818182E-06,701358465092.48
7000,2.75758383838384E-06,674166374353.583
7000,2.78788585858586E-06,648272526611.975
7000,2.81818787878788E-06,623603670464.514
7000,2.8484898989899E-06,600091301456.279
7000,2.87879191919192E-06,577671316161.313
7000,2.90909393939394E-06,556283694148.464
7000,2.93939595959596E-06,535872205378.497
7000,2.96969797979798E-06,516384140811.767
7000,3E-06,497770064215.139
8000,1E-10,0
8000,3.04020202020202E-08,9.08967530438999E-05
8000,6.07040404040404E-08,19374456.478303
8000,9.10060606060606E-08,49444396908.508
8000,1.21308080808081E-07,1640069932015.34
8000,1.51610101010101E-07,10426641421268.2
8000,1.81912121212121E-07,30272335729358.2
8000,2.12214141414141E-07,57532923301700.5
8000,2.42516161616162E-07,85180908767780.2
8000,2.72818181818182E-07,107868837462480
8000,3.03120202020202E-07,123331390723351
8000,3.33422222222222E-07,131608780319694
8000,3.63724242424242E-07,133896505243296
8000,3.94026262626263E-07,131723738772296
8000,4.24328282828283E-07,126521297638553
8000,4.54630303030303E-07,119454350976913
8000,4.84932323232323E-07,111396399469440
8000,5.15234343434344E-07,102964364882554
8000,5.45536363636364E-07,94571918915587.4
8000,5.75838383838384E-07,86481454215676.1
8000,6.06140404040404E-07,78847512744752.2
8000,6.36442424242424E-07,71750341051734.4
8000,6.66744444444445E-07,65220615760976.3
8000,6.97046464646465E-07,59257082903871.3
8000,7.27348484848485E-07,53838835511832.2
8000,7.57650505050505E-07,48933679487932.2
8000,7.87952525252525E-07,44503715493763.4
8000,8.18254545454546E-07,40508975598070.1
8000,8.48556565656566E-07,36909721115619.6
8000,8.78858585858586E-07,33667831746182.1
8000,9.09160606060606E-07,30747586821329.1
8000,9.39462626262626E-07,28116046714841.6
8000,9.69764646464647E-07,25743176931598.8
8000,1.00006666666667E-06,23601811574446.6
8000,1.03036868686869E-06,21667521126247.1
8000,1.06067070707071E-06,19918427616346.5
8000,1.09097272727273E-06,18334995281037.7
8000,1.12127474747475E-06,16899814661483.6
8000,1.15157676767677E-06,15597391226111.7
8000,1.18187878787879E-06,14413945023205
8000,1.21218080808081E-06,13337224845446.1
8000,1.24248282828283E-06,12356338425135.7
8000,1.27278484848485E-06,11461598934491.9
8000,1.30308686868687E-06,10644387304535
8000,1.33338888888889E-06,9897029437265.71
8000,1.36369090909091E-06,9212687158914.31
8000,1.39399292929293E-06,8585261672004.52
8000,1.42429494949495E-06,8009308260069.72
8000,1.45459696969697E-06,7479961047020.56
8000,1.48489898989899E-06,6992866690718.87
8000,1.51520101010101E-06,6544125982408.78
8000,1.54550303030303E-06,6130242420740.85
8000,1.57580505050505E-06,5748076925237.01
8000,1.60610707070707E-06,5394807945630.42
8000,1.63640909090909E-06,5067896308620.11
8000,1.66671111111111E-06,4765054221295.22
8000,1.69701313131313E-06,4484217920563.3
8000,1.72731515151515E-06,4223523520531.65
8000,1.75761717171717E-06,3981285665350.3
8000,1.78791919191919E-06,3755978644069.48
8000,1.81822121212121E-06,3546219667187.87
8000,1.84852323232323E-06,3350754042374.7
8000,1.87882525252525E-06,3168442019920.43
8000,1.90912727272727E-06,2998247107355.7
8000,1.93942929292929E-06,2839225677877.64
8000,1.96973131313131E-06,2690517719190.55
8000,2.00003333333333E-06,2551338588511.25
8000,2.03033535353535E-06,2420971656167.94
8000,2.06063737373737E-06,2298761734753.51
8000,2.09093939393939E-06,2184109203458.56
8000,2.12124141414141E-06,2076464748250.55
8000,2.15154343434343E-06,1975324648195.26
8000,2.18184545454545E-06,1880226546621.29
8000,2.21214747474747E-06,1790745653167.59
8000,2.24244949494949E-06,1706491329168.71
8000,2.27275151515152E-06,1627104014441.85
8000,2.30305353535354E-06,1552252458451.18
8000,2.33335555555556E-06,1481631223126.78
8000,2.36365757575758E-06,1414958428388.67
8000,2.3939595959596E-06,1351973714737.58
8000,2.42426161616162E-06,1292436400183.51
8000,2.45456363636364E-06,1236123811341.46
8000,2.48486565656566E-06,1182829770775.84
8000,2.51516767676768E-06,1132363224659.16
8000,2.5454696969697E-06,1084546996561.2
8000,2.57577171717172E-06,1039216654729.54
8000,2.60607373737374E-06,996219481588.24
8000,2.63637575757576E-06,955413535389.273
8000,2.66667777777778E-06,916666795021.186
8000,2.6969797979798E-06,879856379927.408
8000,2.72728181818182E-06,844867837928.084
8000,2.75758383838384E-06,811594494486.359
8000,2.78788585858586E-06,779936857624.288
8000,2.81818787878788E-06,749802073284.553
8000,2.8484898989899E-06,721103426460.651
8000,2.87879191919192E-06,693759883887.523
8000,2.90909393939394E-06,667695674503.461
8000,2.93939595959596E-06,642839904268.214
8000,2.96969797979798E-06,619126202256.7
8000,3E-06,596492395247.009
9000,1E-10,0
9000,3.04020202020202E-08,0.06522606239972
9000,6.07040404040404E-08,521816990.682713
9000,9.10060606060606E-08,444802034900.286
9000,1.21308080808081E-07,8523086524303.38
9000,1.51610101010101E-07,38979323061288
9000,1.81912121212121E-07,90860893399604.4
9000,2.12214141414141E-07,147636291394337
9000,2.42516161616162E-07,194397433972451
9000,2.72818181818182E-07,224796076014518
9000,3.03120202020202E-07,239102965517434
9000,3.33422222222222E-07,240611131160632
9000,3.63724242424242E-07,233217709630110
9000,3.94026262626263E-07,220313604130878
9000,4.24328282828283E-07,204463587650925
9000,4.54630303030303E-07,187446589765390
9000,4.84932323232323E-07,170415517479840
9000,5.15234343434344E-07,154067965958573
9000,5.45536363636364E-07,138788980716910
9000,5.75838383838384E-07,124758297830518
9000,6.06140404040404E-07,112026188144436
9000,6.36442424242424E-07,100565020631374
9000,6.66744444444445E-07,90303286880082.6
9000,6.97046464646465E-07,81147463857242.5
9000,7.27348484848485E-07,72995671744080.7
9000,7.57650505050505E-07,65745909838826.5
9000,7.87952525252525E-07,59300773431076.1
9000,8.18254545454546E-07,53569927937247.4
9000,8.48556565656566E-07,48471183958960.9
9000,8.78858585858586E-07,43930724079892.6
9000,9.09160606060606E-07,39882836668904.6
9000,9.39462626262626E-07,36269382705566.4
9000,9.69764646464647E-07,33039136939647.4
9000,1.00006666666667E-06,30147089639406.2
9000,1.03036868686869E-06,27553759719160.9
9000,1.06067070707071E-06,25224547444668.8
9000,1.09097272727273E-06,23129140733963.7
9000,1.12127474747475E-06,21240980353905.3
9000,1.15157676767677E-06,19536784118721.3
9000,1.18187878787879E-06,17996127253818.3
9000,1.21218080808081E-06,16601074564690
9000,1.24248282828283E-06,15335859406095.2
9000,1.27278484848485E-06,14186604331230.5
9000,1.30308686868687E-06,13141078490226.7
9000,1.33338888888889E-06,12188487199908.7
9000,1.36369090909091E-06,11319289533832.3
9000,1.39399292929293E-06,10525040229307.8
9000,1.42429494949495E-06,9798252644957.65
9000,1.45459696969697E-06,9132279911043.79
9000,1.48489898989899E-06,8521211787014.51
9000,1.51520101010101E-06,7959785073577.97
9000,1.54550303030303E-06,7443305720490.68
9000,1.57580505050505E-06,6967581028345.39
9000,1.60610707070707E-06,6528860566064.98
9000,1.63640909090909E-06,6123784619026.41
9000,1.66671111111111E-06,5749339149249.3
9000,1.69701313131313E-06,5402816392220.27
9000,1.72731515151515E-06,5081780337754.23
9000,1.75761717171717E-06,4784036447582.32
9000,1.78791919191919E-06,4507605052548.36
9000,1.81822121212121E-06,4250697949537.34
9000,1.84852323232323E-06,4011697784412.21
9000,1.87882525252525E-06,3789139863907.81
9000,1.90912727272727E-06,3581696088005.09
9000,1.93942929292929E-06,3388160735969.82
9000,1.96973131313131E-06,3207437874998.78
9000,2.00003333333333E-06,3038530191136.94
9000,2.03033535353535E-06,2880529068547.18
9000,2.06063737373737E-06,2732605765955.18
9000,2.09093939393939E-06,2594003558690.45
9000,2.12124141414141E-06,2464030731653.49
9000,2.15154343434343E-06,2342054323144.11
9000,2.18184545454545E-06,2227494532118.22
9000,2.21214747474747E-06,2119819712377.22
9000,2.24244949494949E-06,2018541886677.21
9000,2.27275151515152E-06,1923212721976.3
9000,2.30305353535354E-06,1833419914192.89
9000,2.33335555555556E-06,1748783937073.49
9000,2.36365757575758E-06,1668955115194
9000,2.3939595959596E-06,1593610985850.91
9000,2.42426161616162E-06,1522453918733.45
9000,2.45456363636364E-06,1455208965883.64
9000,2.48486565656566E-06,1391621917617.36
9000,2.51516767676768E-06,1331457542856.2
9000,2.5454696969697E-06,1274497994756.34
9000,2.57577171717172E-06,1220541364663.04
9000,2.60607373737374E-06,1169400369303.73
9000,2.63637575757576E-06,1120901157792.93
9000,2.66667777777778E-06,1074882226486.9
9000,2.6969797979798E-06,1031193431018.71
9000,2.72728181818182E-06,989695085987.491
9000,2.75758383838384E-06,950257143787.361
9000,2.78788585858586E-06,912758444957.538
9000,2.81818787878788E-06,877086033230.215
9000,2.8484898989899E-06,843134529158.464
9000,2.87879191919192E-06,810805556833.748
9000,2.90909393939394E-06,780007218760.821
9000,2.93939595959596E-06,750653614454.875
9000,2.96969797979798E-06,722664398769.098
9000,3E-06,695964376356.327
