time,abs_intensity
2,0
2.002,218
2.003,2196328
2.005,210377
2.007,4827
2.008,1395
2.01,204
2.012,0
2.013,1578
2.015,87512
2.017,634114
2.018,153356
2.02,100498
2.022,401090
2.023,778196
2.025,755729
2.027,767044
2.028,792785
2.03,806860
2.032,825410
2.033,853268
2.035,866402
2.037,890037
2.038,908014
2.04,920965
2.042,927717
2.043,948646
2.045,957447
2.047,962490
2.048,956590
2.05,974943
2.052,968883
2.053,981657
2.055,975461
2.057,966974
2.058,959850
2.06,955123
2.062,947437
2.063,934505
2.065,929038
2.067,921523
2.068,917018
2.07,906902
2.072,893451
2.073,892057
2.075,884619
2.077,873346
2.078,867997
2.08,860972
2.082,860005
2.083,855946
2.085,848173
2.087,849904
2.088,843889
2.09,832175
2.092,830355
2.093,822542
2.095,814259
2.097,806127
2.098,799948
2.1,785134
2.102,780043
2.103,782014
2.105,776965
2.107,767957
2.108,762332
2.11,752226
2.112,744857
2.113,740438
2.115,732232
2.117,726439
2.118,726710
2.12,718658
2.122,708201
2.123,711082
2.125,699092
2.127,694419
2.128,683946
2.13,683125
2.132,681512
2.133,675805
2.135,668335
2.137,655091
2.138,658819
2.14,658190
2.142,652311
2.143,655450
2.145,651290
2.147,637696
2.148,636805
2.15,638382
2.152,634383
2.153,630831
2.155,622509
2.157,625545
2.158,619576
2.16,622915
2.162,615301
2.163,620153
2.165,614486
2.167,606615
2.168,604178
2.17,602888
2.172,601512
2.173,599724
2.175,595507
2.177,595937
2.178,586997
2.18,587535
2.182,591546
2.183,587718
2.185,588536
2.187,590010
2.188,586763
2.19,581776
2.192,575568
2.193,581044
2.195,580373
2.197,578111
2.198,572439
2.2,568608
2.202,574154
2.203,568483
2.205,565980
2.207,563127
2.208,559443
2.21,556220
2.212,560964
2.213,561527
2.215,552543
2.217,558489
2.218,549761
2.22,551555
2.222,557393
2.223,545865
2.225,542232
2.227,554424
2.228,546516
2.23,551593
2.232,544413
2.233,543748
2.235,544908
2.237,549616
2.238,543382
2.24,539881
2.242,543412
2.243,536460
2.245,539146
2.247,543182
2.248,536954
2.25,530251
2.252,535704
2.253,535660
2.255,529969
2.257,533686
2.258,530386
2.26,527426
2.262,530295
2.263,533855
2.265,527949
2.267,522962
2.268,521256
2.27,525060
2.272,527329
2.273,517721
2.275,528960
2.277,519250
2.278,523482
2.28,516883
2.282,512670
2.283,515637
2.285,513118
2.287,514288
2.288,517784
2.29,512984
2.292,516162
2.293,510012
2.295,514712
2.297,510053
2.298,511763
2.3,512719
2.302,515544
2.303,510831
2.305,506637
2.307,516079
2.308,501424
2.31,514716
2.312,510498
2.313,507858
2.315,508952
2.317,507524
2.318,507823
2.32,508843
2.322,499127
2.323,505898
2.325,501209
2.327,507763
2.328,506751
2.33,505468
2.332,501906
2.333,500652
2.335,502684
2.337,497644
2.338,505392
2.34,498479
2.342,500126
2.343,496929
2.345,495502
2.347,489730
2.348,499229
2.35,500253
2.352,495788
2.353,497908
2.355,494261
2.357,494802
2.358,492442
2.36,495859
2.362,490164
2.363,495131
2.365,493256
2.367,490133
2.368,492788
2.37,491685
2.372,490120
2.373,486301
2.375,489357
2.377,491781
2.378,494424
2.38,488102
2.382,490023
2.383,485442
2.385,485171
2.387,478859
2.388,479580
2.39,488538
2.392,483409
2.393,487100
2.395,482367
2.397,480949
2.398,486279
2.4,480372
2.402,482597
2.403,482329
2.405,488255
2.407,482219
2.408,483977
2.41,481819
2.412,477297
2.413,482556
2.415,487375
2.417,490953
2.418,485402
2.42,493129
2.422,491272
2.423,498198
2.425,499068
2.427,508418
2.428,505819
2.43,507821
2.432,511951
2.433,507045
2.435,513381
2.437,525540
2.438,540975
2.44,569046
2.442,610572
2.443,660660
2.445,749883
2.447,851075
2.448,980085
2.45,1112774
2.452,1240688
2.453,1363549
2.455,1461293
2.457,1556375
2.458,1652822
2.46,1739924
2.462,1827810
2.463,1961774
2.465,2056526
2.467,2114290
2.468,2158545
2.47,2148471
2.472,2076540
2.473,1939273
2.475,1781358
2.477,1630408
2.478,1459600
2.48,1297181
2.482,1184131
2.483,1058451
2.485,983303
2.487,890442
2.488,843377
2.49,790527
2.492,744093
2.493,704393
2.495,679079
2.497,648113
2.498,619244
2.5,612836
2.502,594236
2.503,580558
2.505,570808
2.507,568868
2.508,558707
2.51,557656
2.512,556119
2.513,552796
2.515,556794
2.517,540618
2.518,549240
2.52,542052
2.522,540607
2.523,544235
2.525,537722
2.527,541212
2.528,535512
2.53,540166
2.532,541727
2.533,537483
2.535,536693
2.537,542952
2.538,539016
2.54,537594
2.542,536590
2.543,542629
2.545,538762
2.547,540877
2.548,544654
2.55,544785
2.552,539472
2.553,541222
2.555,548236
2.557,546700
2.558,546175
2.56,545971
2.562,544463
2.563,550874
2.565,546888
2.567,543982
2.568,551426
2.57,547999
2.572,547018
2.573,545489
2.575,541258
2.577,541505
2.578,542969
2.58,540222
2.582,539367
2.583,540607
2.585,538324
2.587,541984
2.588,534004
2.59,540548
2.592,534258
2.593,534061
2.595,531537
2.597,530943
2.598,540643
2.6,536041
2.602,535769
2.603,538541
2.605,537709
2.607,536224
2.608,537719
2.61,534095
2.612,526828
2.613,533471
2.615,541873
2.617,530995
2.618,532123
2.62,531544
2.622,527837
2.623,531832
2.625,532006
2.627,535057
2.628,530289
2.63,527590
2.632,530970
2.633,526791
2.635,523727
2.637,531143
2.638,528813
2.64,524369
2.642,527530
2.643,527361
2.645,536229
2.647,535250
2.648,537661
2.65,526165
2.652,532184
2.653,531246
2.655,529250
2.657,538836
2.658,539035
2.66,534958
2.662,528036
2.663,535550
2.665,541604
2.667,541180
2.668,531522
2.67,539017
2.672,532590
2.673,535572
2.675,535762
2.677,535873
2.678,534599
2.68,534777
2.682,538968
2.683,533514
2.685,539937
2.687,532335
2.688,537594
2.69,535221
2.692,533332
2.693,533602
2.695,530066
2.697,531907
2.698,531472
2.7,525649
2.702,529973
2.703,525730
2.705,524742
2.707,526655
2.708,519177
2.71,524296
2.712,526415
2.713,521619
2.715,525115
2.717,528789
2.718,525228
2.72,523119
2.722,521127
2.723,523344
2.725,526393
2.727,517576
2.728,521319
2.73,524612
2.732,521987
2.733,523374
2.735,526218
2.737,523282
2.738,520074
2.74,525025
2.742,519680
2.743,515981
2.745,522251
2.747,526990
2.748,522900
2.75,518597
2.752,519960
2.753,513573
2.755,522389
2.757,526842
2.758,523055
2.76,524542
2.762,525093
2.763,517373
2.765,520879
2.767,521478
2.768,515296
2.77,519675
2.772,514290
2.773,520336
2.775,519701
2.777,520217
2.778,514434
2.78,511888
2.782,515806
2.783,512664
2.785,513199
2.787,519152
2.788,513748
2.79,513839
2.792,516149
2.793,515860
2.795,520561
2.797,513557
2.798,519193
2.8,521024
2.802,520527
2.803,521080
2.805,513601
2.807,515015
2.808,511329
2.81,514437
2.812,511773
2.813,511731
2.815,517475
2.817,516603
2.818,514068
2.82,515983
2.822,512297
2.823,511984
2.825,509001
2.827,512175
2.828,515141
2.83,512927
2.832,510608
2.833,506188
2.835,510850
2.837,515598
2.838,515520
2.84,503912
2.842,508168
2.843,511873
2.845,512085
2.847,514843
2.848,509216
2.85,509355
2.852,517671
2.853,515119
2.855,507555
2.857,510602
2.858,511601
2.86,518983
2.862,513643
2.863,515208
2.865,514215
2.867,512672
2.868,516447
2.87,513414
2.872,523119
2.873,531534
2.875,546192
2.877,590007
2.878,663056
2.88,745973
2.882,879247
2.883,1059494
2.885,1280727
2.887,1511324
2.888,1776339
2.89,1999012
2.892,2219618
2.893,2364873
2.895,2460656
2.897,2435394
2.898,2392214
2.9,2208717
2.902,2002596
2.903,1778716
2.905,1542183
2.907,1324556
2.908,1168590
2.91,1036622
2.912,917840
2.913,812897
2.915,737728
2.917,682607
2.918,634090
2.92,596519
2.922,573804
2.923,562554
2.925,549404
2.927,545177
2.928,535311
2.93,524247
2.932,520211
2.933,523903
2.935,518809
2.937,518461
2.938,519176
2.94,513501
2.942,516251
2.943,509320
2.945,514702
2.947,512256
2.948,517694
2.95,510590
2.952,508758
2.953,508298
2.955,516280
2.957,515039
2.958,512724
2.96,507072
2.962,508525
2.963,509004
2.965,510407
2.967,513173
2.968,510142
2.97,507900
2.972,508011
2.973,506177
2.975,504261
2.977,507737
2.978,508307
2.98,507429
2.982,503353
2.983,501587
2.985,505395
2.987,506286
2.988,508149
2.99,510688
2.992,502688
2.993,508910
2.995,505749
2.997,502025
2.998,499577
3,504836
3.002,508940
3.003,501902
3.005,504779
3.007,506023
3.008,514700
3.01,499541
3.012,505958
3.013,511270
3.015,505848
3.017,508553
3.018,504378
3.02,503887
3.022,506287
3.023,502467
3.025,507262
3.027,513023
3.028,503424
3.03,510915
3.032,508051
3.033,506557
3.035,508673
3.037,504422
3.038,509594
3.04,510352
3.042,513073
3.043,521727
3.045,508942
3.047,510140
3.048,509686
3.05,516182
3.052,510404
3.053,509493
3.055,505450
3.057,502988
3.058,506485
3.06,508536
3.062,510516
3.063,509449
3.065,512307
3.067,513614
3.068,511119
3.07,518284
3.072,518112
3.073,510812
3.075,516484
3.077,509413
3.078,506293
3.08,502485
3.082,503211
3.083,501070
3.085,503375
3.087,507012
3.088,500931
3.09,498251
3.092,498752
3.093,503108
3.095,508192
3.097,504853
3.098,504695
3.1,512221
3.102,511531
3.103,516652
3.105,514646
3.107,519424
3.108,524145
3.11,522797
3.112,525222
3.113,525433
3.115,526253
3.117,522352
3.118,523805
3.12,519882
3.122,516207
3.123,512419
3.125,510453
3.127,510140
3.128,505039
3.13,509315
3.132,501877
3.133,500572
3.135,500610
3.137,506148
3.138,503817
3.14,505919
3.142,511984
3.143,502652
3.145,503590
3.147,504253
3.148,503187
3.15,500184
3.152,499637
3.153,496618
3.155,500093
3.157,495888
3.158,506124
3.16,502139
3.162,503020
3.163,503951
3.165,496503
3.167,498574
3.168,497650
3.17,502465
3.172,501167
3.173,499305
3.175,502416
3.177,500697
3.178,497115
3.18,501285
3.182,502807
3.183,499849
3.185,501444
3.187,505668
3.188,500467
3.19,506116
3.192,495918
3.193,496469
3.195,500355
3.197,494703
3.198,497100
3.2,500614
3.202,499765
3.203,503802
3.205,500869
3.207,499008
3.208,498479
3.21,505832
3.212,506146
3.213,495023
3.215,497216
3.217,496299
3.218,494793
3.22,492162
3.222,498930
3.223,494563
3.225,502700
3.227,502793
3.228,500130
3.23,497799
3.232,503697
3.233,494133
3.235,498929
3.237,501520
3.238,498555
3.24,497050
3.242,497953
3.243,497718
3.245,497888
3.247,494934
3.248,501020
3.25,500644
3.252,497593
3.253,493944
3.255,500080
3.257,500721
3.258,493832
3.26,497916
3.262,496202
3.263,494676
3.265,500765
3.267,497540
3.268,498094
3.27,495340
3.272,491324
3.273,496937
3.275,501267
3.277,490869
3.278,498227
3.28,493934
3.282,501423
3.283,495140
3.285,500632
3.287,499237
3.288,498905
3.29,501661
3.292,502423
3.293,503224
3.295,507590
3.297,511137
3.298,507379
3.3,500713
3.302,501151
3.303,500647
3.305,496811
3.307,502595
3.308,496985
3.31,496626
3.312,499541
3.313,503767
3.315,503992
3.317,495706
3.318,495240
3.32,496820
3.322,497860
3.323,495230
3.325,493366
3.327,492779
3.328,502196
3.33,498514
3.332,495399
3.333,497576
3.335,494861
3.337,488472
3.338,499265
3.34,503290
3.342,489816
3.343,499791
3.345,500422
3.347,492528
3.348,494110
3.35,496901
3.352,496814
3.353,496040
3.355,497391
3.357,492018
3.358,493618
3.36,495570
3.362,494384
3.363,496569
3.365,493101
3.367,493238
3.368,501730
3.37,494837
3.372,491139
3.373,499440
3.375,500208
3.377,501083
3.378,493994
3.38,495039
3.382,498860
3.383,492119
3.385,498247
3.387,490970
3.388,496776
3.39,498905
3.392,492233
3.393,494093
3.395,490441
3.397,495382
3.398,492755
3.4,497082
3.402,492900
3.403,495343
3.405,500362
3.407,490739
3.408,499206
3.41,497583
3.412,499040
3.413,498983
3.415,497842
3.417,496837
3.418,496817
3.42,500488
3.422,492039
3.423,490193
3.425,494271
3.427,497653
3.428,495367
3.43,496288
3.432,490712
3.433,497374
3.435,498624
3.437,491271
3.438,489266
3.44,495930
3.442,493792
3.443,496548
3.445,490623
3.447,491376
3.448,495392
3.45,489981
3.452,497510
3.453,497998
3.455,498645
3.457,493489
3.458,498943
3.46,491038
3.462,491977
3.463,494967
3.465,499277
3.467,496128
3.468,491447
3.47,488495
3.472,495290
3.473,498065
3.475,493976
3.477,495400
3.478,489581
3.48,488273
3.482,497594
3.483,495823
3.485,492280
3.487,498084
3.488,497941
3.49,495183
3.492,494584
3.493,496254
3.495,498016
3.497,492010
3.498,497259
3.5,493172
3.502,492834
3.503,494037
3.505,488043
3.507,489337
3.508,493697
3.51,498475
3.512,490918
3.513,495308
3.515,493922
3.517,493234
3.518,488317
3.52,490079
3.522,498436
3.523,487546
3.525,494712
3.527,491883
3.528,498702
3.53,496321
3.532,491045
3.533,495896
3.535,492587
3.537,493181
3.538,489999
3.54,491810
3.542,495998
3.543,491525
3.545,492850
3.547,488685
3.548,492132
3.55,491865
3.552,492386
3.553,497631
3.555,488782
3.557,492709
3.558,493397
3.56,492050
3.562,493279
3.563,494712
3.565,494050
3.567,500540
3.568,500187
3.57,493093
3.572,496691
3.573,491063
3.575,491231
3.577,493634
3.578,498087
3.58,492899
3.582,483370
3.583,494907
3.585,491355
3.587,491967
3.588,498125
3.59,491516
3.592,491521
3.593,488399
3.595,493692
3.597,498695
3.598,494064
3.6,492515
3.602,490798
3.603,491375
3.605,494157
3.607,489569
3.608,494397
3.61,491681
3.612,493595
3.613,495357
3.615,497874
3.617,495818
3.618,492500
3.62,498251
3.622,499270
3.623,494182
3.625,490207
3.627,495447
3.628,489174
3.63,491887
3.632,489210
3.633,500628
3.635,488263
3.637,487851
3.638,493749
3.64,491328
3.642,494700
3.643,484077
3.645,496689
3.647,494718
3.648,494111
3.65,499177
3.652,499213
3.653,489604
3.655,495731
3.657,493753
3.658,494677
3.66,488442
3.662,498791
3.663,495838
3.665,486973
3.667,494482
3.668,491362
3.67,489225
3.672,489593
3.673,487539
3.675,493244
3.677,487152
3.678,492061
3.68,492922
3.682,491396
3.683,498723
3.685,486901
3.687,494625
3.688,503357
3.69,491809
3.692,491070
3.693,488389
3.695,490758
3.697,490609
3.698,491153
3.7,492192
3.702,497420
3.703,493208
3.705,494188
3.707,488881
3.708,488352
3.71,492889
3.712,490927
3.713,495387
3.715,493045
3.717,491803
3.718,495744
3.72,498331
3.722,489983
3.723,487424
3.725,492797
3.727,490652
3.728,499875
3.73,495055
3.732,497122
3.733,493348
3.735,491567
3.737,491119
3.738,500079
3.74,494946
3.742,497657
3.743,486717
3.745,491539
3.747,493318
3.748,489461
3.75,488930
3.752,487590
3.753,494691
3.755,493300
3.757,490638
3.758,495589
3.76,488942
3.762,492829
3.763,499802
3.765,491682
3.767,494518
3.768,492117
3.77,488139
3.772,496876
3.773,496914
3.775,489568
3.777,491677
3.778,492894
3.78,494346
3.782,494308
3.783,500940
3.785,496945
3.787,503292
3.788,490145
3.79,493051
3.792,494725
3.793,497128
3.795,492198
3.797,491768
3.798,498601
3.8,497969
3.802,499366
3.803,497912
3.805,494372
3.807,493041
3.808,492047
3.81,496969
3.812,486808
3.813,492621
3.815,493548
3.817,490835
3.818,498024
3.82,492313
3.822,494370
3.823,490910
3.825,494354
3.827,496666
3.828,496917
3.83,495433
3.832,491085
3.833,494247
3.835,498165
3.837,488296
3.838,497978
3.84,495974
3.842,494560
3.843,492153
3.845,487745
3.847,492633
3.848,492905
3.85,493870
3.852,494478
3.853,494917
3.855,493411
3.857,499634
3.858,492711
3.86,496378
3.862,490709
3.863,500819
3.865,490529
3.867,495217
3.868,492717
3.87,497543
3.872,490459
3.873,495895
3.875,494010
3.877,497502
3.878,492593
3.88,499023
3.882,496412
3.883,495507
3.885,493567
3.887,491041
3.888,496816
3.89,495961
3.892,490471
3.893,494493
3.895,493614
3.897,492720
3.898,489412
3.9,494920
3.902,490838
3.903,496752
3.905,496186
3.907,497502
3.908,498705
3.91,493999
3.912,499363
3.913,496559
3.915,499943
3.917,494432
3.918,498459
3.92,498139
3.922,495702
3.923,494746
3.925,491075
3.927,498765
3.928,496234
3.93,498223
3.932,501823
3.933,499867
3.935,492123
3.937,493507
3.938,499259
3.94,492259
3.942,492921
3.943,500853
3.945,497299
3.947,500476
3.948,498086
3.95,489855
3.952,496576
3.953,498473
3.955,498789
3.957,493673
3.958,495835
3.96,494281
3.962,491503
3.963,497073
3.965,489375
3.967,490698
3.968,495503
3.97,495838
3.972,491277
3.973,491288
3.975,498058
3.977,496351
3.978,493532
3.98,496142
3.982,493367
3.983,495983
3.985,496621
3.987,496752
3.988,498578
3.99,496956
3.992,496519
3.993,497934
3.995,494803
3.997,499014
3.998,496055
4,506068
4.002,494689
4.003,498699
4.005,507362
4.007,510797
4.008,526366
4.01,549669
4.012,560271
4.013,569248
4.015,571507
4.017,575419
4.018,562921
4.02,541672
4.022,530992
4.023,520982
4.025,506068
4.027,508168
4.028,511296
4.03,499703
4.032,499410
4.033,506521
4.035,504467
4.037,500990
4.038,505523
4.04,504878
4.042,506971
4.043,510990
4.045,515333
4.047,509925
4.048,511423
4.05,501227
4.052,505046
4.053,503701
4.055,503443
4.057,503377
4.058,502654
4.06,508157
4.062,499011
4.063,497045
4.065,499853
4.067,503905
4.068,502090
4.07,505462
4.072,493684
4.073,493036
4.075,497094
4.077,508347
4.078,506766
4.08,508315
4.082,510938
4.083,513644
4.085,506261
4.087,514109
4.088,511741
4.09,510718
4.092,508638
4.093,509694
4.095,526907
4.097,541606
4.098,573861
4.1,602501
4.102,648646
4.103,690953
4.105,721006
4.107,737429
4.108,732604
4.11,716723
4.112,671917
4.113,637188
4.115,601901
4.117,571102
4.118,543230
4.12,527898
4.122,517992
4.123,511527
4.125,504039
4.127,506607
4.128,512017
4.13,509551
4.132,506883
4.133,495832
4.135,496004
4.137,501731
4.138,505978
4.14,494946
4.142,501158
4.143,495851
4.145,496684
4.147,504576
4.148,494390
4.15,494167
4.152,505168
4.153,496849
4.155,497166
4.157,500501
4.158,494737
4.16,498402
4.162,493516
4.163,494381
4.165,497509
4.167,501277
4.168,501324
4.17,502251
4.172,496939
4.173,494195
4.175,505753
4.177,501083
4.178,496132
4.18,502254
4.182,500577
4.183,498825
4.185,507681
4.187,503366
4.188,502083
4.19,503137
4.192,503929
4.193,501701
4.195,503585
4.197,514467
4.198,506680
4.2,506965
4.202,511198
4.203,512828
4.205,505115
4.207,504248
4.208,501541
4.21,503137
4.212,500908
4.213,497936
4.215,494378
4.217,499130
4.218,494092
4.22,502002
4.222,493389
4.223,499680
4.225,499022
4.227,502381
4.228,503598
4.23,496937
4.232,504710
4.233,496633
4.235,507144
4.237,502859
4.238,496210
4.24,498971
4.242,495430
4.243,500990
4.245,512741
4.247,502595
4.248,499869
4.25,504397
4.252,500100
4.253,498337
4.255,503018
4.257,501931
4.258,498049
4.26,499146
4.262,498614
4.263,504475
4.265,500111
4.267,501778
4.268,499227
4.27,500896
4.272,504922
4.273,500603
4.275,502530
4.277,504458
4.278,496820
4.28,499528
4.282,499713
4.283,504525
4.285,500669
4.287,500969
4.288,495237
4.29,502716
4.292,499572
4.293,504796
4.295,503702
4.297,501136
4.298,497065
4.3,499953
4.302,499117
4.303,506894
4.305,501212
4.307,499719
4.308,499152
4.31,501451
4.312,506681
4.313,505797
4.315,500637
4.317,504766
4.318,495785
4.32,495864
4.322,507755
4.323,500975
4.325,503636
4.327,498251
4.328,503066
4.33,497924
4.332,497246
4.333,505565
4.335,497064
4.337,506250
4.338,498760
4.34,508809
4.342,506877
4.343,502922
4.345,506214
4.347,510730
4.348,505854
4.35,508053
4.352,509525
4.353,508857
4.355,513074
4.357,523261
4.358,513876
4.36,507455
4.362,512888
4.363,508252
4.365,515063
4.367,517185
4.368,516678
4.37,509417
4.372,518452
4.373,517939
4.375,513219
4.377,510019
4.378,515513
4.38,506413
4.382,504940
4.383,504692
4.385,503137
4.387,505973
4.388,497456
4.39,506976
4.392,498453
4.393,501947
4.395,499553
4.397,499942
4.398,505018
4.4,501954
4.402,507391
4.403,503501
4.405,501299
4.407,503778
4.408,503543
4.41,501914
4.412,505810
4.413,506180
4.415,509870
4.417,507624
4.418,505443
4.42,500970
4.422,504476
4.423,503519
4.425,501518
4.427,498516
4.428,496653
4.43,502579
4.432,500676
4.433,505629
4.435,513850
4.437,505903
4.438,505498
4.44,506843
4.442,505750
4.443,506739
4.445,502826
4.447,509249
4.448,507622
4.45,507690
4.452,509869
4.453,502774
4.455,503557
4.457,502148
4.458,499903
4.46,501554
4.462,500121
4.463,505090
4.465,503536
4.467,511623
4.468,502666
4.47,505283
4.472,497912
4.473,498377
4.475,503351
4.477,507416
4.478,505420
4.48,499165
4.482,503837
4.483,499924
4.485,494528
4.487,502017
4.488,505691
4.49,504579
4.492,507503
4.493,510660
4.495,502115
4.497,501860
4.498,503257
4.5,507603
4.502,505350
4.503,500030
4.505,504905
4.507,506352
4.508,510613
4.51,506529
4.512,507346
4.513,502827
4.515,504603
4.517,500864
4.518,505521
4.52,502974
4.522,507838
4.523,512487
4.525,507491
4.527,506880
4.528,504224
4.53,508114
4.532,507377
4.533,512372
4.535,511283
4.537,506540
4.538,513086
4.54,508334
4.542,504391
4.543,501660
4.545,513301
4.547,505992
4.548,509731
4.55,503820
4.552,509692
4.553,500456
4.555,502124
4.557,505274
4.558,511142
4.56,507794
4.562,507508
4.563,502126
4.565,500077
4.567,501295
4.568,510630
4.57,507473
4.572,498626
4.573,507116
4.575,508081
4.577,512645
4.578,505298
4.58,509068
4.582,513643
4.583,496675
4.585,502992
4.587,508878
4.588,508127
4.59,508675
4.592,508714
4.593,502969
4.595,504578
4.597,504711
4.598,506497
4.6,507533
4.602,498627
4.603,505756
4.605,512083
4.607,510206
4.608,503203
4.61,507769
4.612,503545
4.613,505012
4.615,508028
4.617,511974
4.618,511043
4.62,509403
4.622,501944
4.623,510262
4.625,500011
4.627,509761
4.628,511297
4.63,511197
4.632,510530
4.633,509770
4.635,513550
4.637,514913
4.638,504678
4.64,518509
4.642,520957
4.643,515371
4.645,516077
4.647,515086
4.648,546207
4.65,608154
4.652,756121
4.653,1045604
4.655,1591824
4.657,2500081
4.658,3826489
4.66,5780905
4.662,8057197
4.663,10190657
4.665,11692242
4.667,12850201
4.668,13073191
4.67,12597964
4.672,10930147
4.673,8554464
4.675,6410049
4.677,4249812
4.678,2709774
4.68,1690480
4.682,1120476
4.683,810178
4.685,677183
4.687,613450
4.688,597555
4.69,578666
4.692,575920
4.693,566531
4.695,559724
4.697,564106
4.698,556294
4.7,559226
4.702,559468
4.703,554457
4.705,554636
4.707,555655
4.708,550582
4.71,548879
4.712,565028
4.713,552236
4.715,560527
4.717,562152
4.718,552556
4.72,550848
4.722,552748
4.723,550135
4.725,549816
4.727,552714
4.728,557509
4.73,553053
4.732,547872
4.733,554681
4.735,543684
4.737,552051
4.738,546431
4.74,539033
4.742,533919
4.743,533893
4.745,534170
4.747,524057
4.748,530322
4.75,528433
4.752,526408
4.753,526621
4.755,529454
4.757,527700
4.758,527092
4.76,517071
4.762,527690
4.763,526797
4.765,533434
4.767,542471
4.768,552398
4.77,571754
4.772,583880
4.773,597525
4.775,598222
4.777,590064
4.778,572631
4.78,562965
4.782,541014
4.783,530894
4.785,520118
4.787,514948
4.788,521031
4.79,523030
4.792,517952
4.793,522654
4.795,522120
4.797,531401
4.798,527314
4.8,528926
4.802,522465
4.803,520449
4.805,523947
4.807,520873
4.808,511136
4.81,512426
4.812,511555
4.813,511670
4.815,519899
4.817,507959
4.818,513699
4.82,510404
4.822,511127
4.823,511184
4.825,510165
4.827,513847
4.828,509938
4.83,512185
4.832,513092
4.833,512551
4.835,519918
4.837,505577
4.838,513678
4.84,516126
4.842,518960
4.843,513218
4.845,517256
4.847,518614
4.848,519266
4.85,515801
4.852,516128
4.853,515177
4.855,514158
4.857,512854
4.858,516753
4.86,511082
4.862,509350
4.863,513070
4.865,502570
4.867,509006
4.868,508953
4.87,509747
4.872,502134
4.873,512268
4.875,508730
4.877,509829
4.878,514254
4.88,513207
4.882,510517
4.883,505983
4.885,507888
4.887,511853
4.888,506417
4.89,511681
4.892,511833
4.893,515641
4.895,506801
4.897,514179
4.898,510493
4.9,517404
4.902,504534
4.903,510466
4.905,515590
4.907,511960
4.908,509609
4.91,510864
4.912,509413
4.913,509445
4.915,504057
4.917,510619
4.918,514170
4.92,508298
4.922,502985
4.923,504141
4.925,511166
4.927,509965
4.928,512327
4.93,513182
4.932,507678
4.933,510645
4.935,510858
4.937,505206
4.938,510240
4.94,507752
4.942,509242
4.943,503545
4.945,507678
4.947,509614
4.948,506723
4.95,504455
4.952,500355
4.953,503907
4.955,505967
4.957,506534
4.958,506593
4.96,508169
4.962,507201
4.963,507535
4.965,506778
4.967,512424
4.968,511080
4.97,508811
4.972,514590
4.973,511287
4.975,510544
4.977,507799
4.978,510886
4.98,504130
4.982,510990
4.983,516447
4.985,513866
4.987,502793
4.988,514256
4.99,502934
4.992,504326
4.993,514731
4.995,508595
4.997,505362
4.998,508123
5,506079
5.002,511814
5.003,507141
5.005,510154
5.007,510903
5.008,510744
5.01,507969
5.012,502330
5.013,501814
5.015,511107
5.017,512077
5.018,507745
5.02,503904
5.022,500831
5.023,503153
5.025,509529
5.027,500270
5.028,502304
5.03,505816
5.032,501758
5.033,500530
5.035,499117
5.037,500930
5.038,505013
5.04,492759
5.042,505694
5.043,503977
5.045,500219
5.047,500557
5.048,509276
5.05,507663
5.052,502084
5.053,506450
5.055,506920
5.057,508820
5.058,511905
5.06,508432
5.062,505471
5.063,507552
5.065,505100
5.067,504144
5.068,512436
5.07,513213
5.072,510975
5.073,515270
5.075,508999
5.077,508455
5.078,509738
5.08,507073
5.082,508904
5.083,502885
5.085,506614
5.087,508977
5.088,497868
5.09,500850
5.092,503628
5.093,498555
5.095,503217
5.097,500192
5.098,500738
5.1,504836
5.102,502626
5.103,501173
5.105,504554
5.107,506553
5.108,505215
5.11,501394
5.112,508720
5.113,509372
5.115,513683
5.117,505694
5.118,515798
5.12,509099
5.122,507398
5.123,507338
5.125,504448
5.127,504200
5.128,502675
5.13,501176
5.132,499680
5.133,501110
5.135,494898
5.137,505123
5.138,497067
5.14,498098
5.142,506061
5.143,505695
5.145,502988
5.147,502433
5.148,507258
5.15,503921
5.152,505678
5.153,500379
5.155,499814
5.157,505765
5.158,500208
5.16,508819
5.162,501253
5.163,510454
5.165,499416
5.167,494900
5.168,496699
5.17,503223
5.172,499874
5.173,494622
5.175,500567
5.177,498476
5.178,498099
5.18,498753
5.182,498562
5.183,494294
5.185,494618
5.187,496308
5.188,495123
5.19,494421
5.192,491081
5.193,490576
5.195,494125
5.197,496413
5.198,498759
5.2,494009
5.202,494482
5.203,497328
5.205,493576
5.207,494209
5.208,488765
5.21,494319
5.212,497863
5.213,494372
5.215,498897
5.217,497636
5.218,495430
5.22,500951
5.222,484972
5.223,488241
5.225,491470
5.227,494608
5.228,498564
5.23,491645
5.232,496742
5.233,489764
5.235,492882
5.237,484742
5.238,492663
5.24,489904
5.242,488636
5.243,489363
5.245,482520
5.247,492868
5.248,487664
5.25,487994
5.252,485680
5.253,492425
5.255,485598
5.257,485480
5.258,488003
5.26,483247
5.262,481624
5.263,483122
5.265,485179
5.267,492058
5.268,482082
5.27,483924
5.272,490149
5.273,483237
5.275,483472
5.277,486700
5.278,485506
5.28,480074
5.282,486473
5.283,484245
5.285,484110
5.287,488478
5.288,478862
5.29,486489
5.292,484726
5.293,481020
5.295,485950
5.297,482630
5.298,476724
5.3,482450
5.302,483891
5.303,485177
5.305,477747
5.307,486325
5.308,481050
5.31,482037
5.312,481069
5.313,488969
5.315,476964
5.317,485430
5.318,477095
5.32,484368
5.322,485930
5.323,485968
5.325,484044
5.327,487903
5.328,484132
5.33,482168
5.332,480169
5.333,487924
5.335,479622
5.337,483976
5.338,483864
5.34,480871
5.342,481502
5.343,478503
5.345,481422
5.347,484759
5.348,485519
5.35,480909
5.352,477344
5.353,484681
5.355,478792
5.357,480242
5.358,479921
5.36,477922
5.362,484835
5.363,486050
5.365,478086
5.367,479440
5.368,484732
5.37,474434
5.372,480031
5.373,483244
5.375,477651
5.377,476815
5.378,489479
5.38,484090
5.382,483993
5.383,478307
5.385,475809
5.387,481091
5.388,480855
5.39,475606
5.392,477517
5.393,478494
5.395,482082
5.397,481533
5.398,476246
5.4,474469
5.402,478919
5.403,481385
5.405,477101
5.407,482667
5.408,476817
5.41,480584
5.412,482809
5.413,480362
5.415,477184
5.417,485482
5.418,479999
5.42,483593
5.422,484568
5.423,479233
5.425,481386
5.427,482104
5.428,479417
5.43,479266
5.432,480680
5.433,483789
5.435,478110
5.437,475825
5.438,475400
5.44,483781
5.442,483180
5.443,479398
5.445,476626
5.447,475757
5.448,476710
5.45,477855
5.452,480098
5.453,475608
5.455,472215
5.457,473985
5.458,470915
5.46,470713
5.462,474584
5.463,480567
5.465,472094
5.467,478094
5.468,475847
5.47,474117
5.472,474157
5.473,475284
5.475,477867
5.477,480000
5.478,476521
5.48,478096
5.482,479239
5.483,480649
5.485,479035
5.487,476016
5.488,472774
5.49,476819
5.492,479477
5.493,478707
5.495,478081
5.497,484318
5.498,495818
5.5,494334
5.502,510797
5.503,510916
5.505,510102
5.507,517737
5.508,508755
5.51,497358
5.512,491823
5.513,486812
5.515,487092
5.517,479746
5.518,478017
5.52,467885
5.522,467643
5.523,472308
5.525,477506
5.527,477858
5.528,484951
5.53,477478
5.532,478472
5.533,477670
5.535,481113
5.537,468794
5.538,473868
5.54,464940
5.542,466940
5.543,473944
5.545,464365
5.547,460677
5.548,468001
5.55,464049
5.552,460324
5.553,460251
5.555,461911
5.557,466739
5.558,462499
5.56,468637
5.562,469965
5.563,469085
5.565,461452
5.567,460170
5.568,467248
5.57,456685
5.572,464043
5.573,460368
5.575,456139
5.577,467492
5.578,461722
5.58,467406
5.582,463410
5.583,463377
5.585,466934
5.587,467389
5.588,458931
5.59,462228
5.592,457599
5.593,462591
5.595,461754
5.597,458533
5.598,459621
5.6,464333
5.602,462566
5.603,460592
5.605,459927
5.607,460779
5.608,458814
5.61,453727
5.612,463578
5.613,457639
5.615,461969
5.617,456937
5.618,455885
5.62,452516
5.622,459119
5.623,455980
5.625,456878
5.627,454514
5.628,456914
5.63,463845
5.632,457983
5.633,455250
5.635,459505
5.637,455568
5.638,456356
5.64,458900
5.642,462311
5.643,463029
5.645,460280
5.647,465823
5.648,463071
5.65,464927
5.652,465058
5.653,465814
5.655,474950
5.657,470973
5.658,473423
5.66,471859
5.662,469171
5.663,472962
5.665,471843
5.667,474263
5.668,475570
5.67,474259
5.672,478049
5.673,476746
5.675,463520
5.677,466606
5.678,460272
5.68,466787
5.682,463388
5.683,459208
5.685,467561
5.687,462822
5.688,455944
5.69,460954
5.692,465261
5.693,468380
5.695,467988
5.697,463334
5.698,467611
5.7,460812
5.702,454830
5.703,463906
5.705,463648
5.707,458486
5.708,450729
5.71,459378
5.712,454049
5.713,458899
5.715,452011
5.717,457069
5.718,454422
5.72,449316
5.722,453858
5.723,454330
5.725,447649
5.727,447916
5.728,457365
5.73,441475
5.732,450908
5.733,456778
5.735,453709
5.737,452519
5.738,448105
5.74,456455
5.742,453753
5.743,450311
5.745,448400
5.747,450580
5.748,445523
